message_id,anomaly_type,anomaly_score,reason,action_taken
e61f6763-651e-4413-aaad-dc036c91a4c6,duplicate_content,0.812,suspicious timing,flagged
c78b50f7-2a08-41da-847d-ba989b374109,routing_mismatch,0.822,suspicious timing,flagged
6c4478b6-b197-47e9-a4f3-5358517e10cb,duplicate_content,0.569,suspicious timing,flagged
9e6230b9-ce44-48ab-ac7a-ca35e987a2b9,routing_mismatch,0.829,pattern match,blocked
60e1ab73-d03e-4b1e-ae8c-ec3e3e8e86b6,volume_spike,0.959,high score,investigated
e1a3c0ad-3b20-4c9a-aecf-6ee9b018c7bf,duplicate_content,0.892,suspicious timing,blocked
bd3c7c03-04c9-4609-ad4e-2331cb5e14f0,volume_spike,0.842,high score,investigated
0b4bb4db-ab61-451e-8c92-2b804fdba634,routing_mismatch,0.633,pattern match,investigated
5f7424db-1b0e-412c-ab0a-12570e458f8d,volume_spike,0.789,high score,blocked
710da8f6-b2e3-4d8e-b895-8848e4964e7e,routing_mismatch,0.373,pattern match,flagged
d6dc1c34-61bd-49af-8fd3-12cb66906743,volume_spike,0.842,high score,investigated
898f9e36-5d8b-4b9d-af65-5c21691ffc22,routing_mismatch,0.828,pattern match,blocked
b3007196-0f47-4c0c-8dae-239467d3a16a,volume_spike,0.79,high score,blocked
5f63cc8c-7d70-42a4-b4ab-0e5e9adc64d6,routing_mismatch,1.002,pattern match,blocked
7dd8f7cc-4c9f-4e6d-8b0d-2692ffce8368,duplicate_content,0.783,pattern match,blocked
3ded3568-b9ee-4927-b229-44edcde09116,duplicate_content,0.729,high score,investigated
57fad482-ce09-481e-9512-c804bed9f9c1,volume_spike,0.85,high score,blocked
3ba29c18-5f20-4ab6-b397-ef21ceeeb783,duplicate_content,0.951,suspicious timing,investigated
f4324666-711e-4622-9240-88b76e61f284,volume_spike,0.591,suspicious timing,investigated
b077d360-ade3-4f82-8fd2-debc52ea14c8,duplicate_content,0.705,high score,investigated
82b7a807-d5bc-481e-b2b5-83e0b3a4b7cb,volume_spike,0.806,high score,investigated
8c70c85a-861f-4afd-9dad-c09f5eacc87e,duplicate_content,0.741,suspicious timing,investigated
080759b5-a7ba-4c72-88e1-ed2e7ae9ba05,duplicate_content,0.819,pattern match,blocked
ac814ac3-4f58-4cd8-8aca-e7b0fe757536,volume_spike,0.978,suspicious timing,investigated
c1ae8b32-a527-44fc-b4fa-f4840a524fcb,duplicate_content,0.813,pattern match,investigated
9ebe8d7f-63f0-4a20-a1a7-9bd9a9d3ce4c,routing_mismatch,0.952,pattern match,blocked
ae530821-4255-4ee9-a976-699ae426f2eb,duplicate_content,0.915,high score,investigated
8f4dcb1e-4e86-445f-8fad-c4e4744a74bf,duplicate_content,0.409,suspicious timing,blocked
3442859b-464a-45ed-94f2-bf146e129d0c,routing_mismatch,0.706,pattern match,flagged
1d5088ed-a5ae-4a54-8c24-77dd7f24eff4,routing_mismatch,0.567,pattern match,blocked
956be9cc-5823-4f12-9aea-ca923ea0eebf,routing_mismatch,1.032,suspicious timing,blocked
d6f382b3-a34d-438c-ad19-ad8618644688,routing_mismatch,0.779,high score,flagged
e30baf46-4c37-4313-89ab-406704f4dc35,routing_mismatch,0.822,high score,investigated
1ad37c3a-080f-4ba5-b4b1-422961946f8b,duplicate_content,0.763,high score,blocked
e15137bd-311c-4958-8adb-6a5e6a6a15d1,routing_mismatch,0.897,pattern match,investigated
9ca2c5f2-49a3-4737-ae60-caa58a784cf7,volume_spike,0.529,pattern match,investigated
4941d4f4-e994-4342-ac6f-ae0b5ae662e0,duplicate_content,0.48,high score,blocked
0a047b8f-eaac-4a92-b958-1626bd23245e,duplicate_content,0.931,high score,investigated
b4dd66db-f40c-4894-a9e3-378339bbb0a2,routing_mismatch,0.895,pattern match,investigated
0c52c1d2-c96c-4dc2-8bff-4595888710b2,volume_spike,0.871,pattern match,investigated
25204cc3-af53-4f5b-ab92-82d696f55e17,routing_mismatch,0.495,pattern match,flagged
4c475c8c-73f9-4455-a50f-6176865e97da,duplicate_content,0.963,high score,investigated
f0de81b4-4939-4a40-bbcc-1b96179d5644,volume_spike,0.751,suspicious timing,flagged
cdc01e73-a574-4e20-85d1-f9912b0fb5c6,volume_spike,0.929,pattern match,investigated
daf87352-6f88-4684-add6-f3b13126cd46,duplicate_content,0.989,high score,flagged
b3fcbbf7-b6be-4bd0-aff0-9d1272f748f6,volume_spike,0.483,high score,investigated
69ffca68-1669-488e-a22a-9ebaa1dfcd08,volume_spike,0.802,pattern match,blocked
86a4b731-416e-47d0-ad95-765402e8f213,duplicate_content,0.661,suspicious timing,blocked
a43aafdf-8ae3-450d-a2a9-c203bb603f18,routing_mismatch,0.845,high score,investigated
4221f70d-5a78-4a4c-9b22-56356cecb04a,duplicate_content,0.531,pattern match,investigated
e299061a-721e-4649-bf19-28ad73c117fb,volume_spike,0.614,suspicious timing,blocked
9cd1c39c-4e1d-4620-bcee-03864849a655,routing_mismatch,0.608,pattern match,investigated
2d5c2384-1500-4a6e-a50c-11ab059935d0,volume_spike,0.951,suspicious timing,investigated
92c5e6a6-b743-4d37-9e86-a4b2b484c15b,volume_spike,0.864,pattern match,flagged
c328a86b-442e-44ca-af44-ccc3a93326b6,volume_spike,0.81,high score,blocked
75f78ded-ab38-48e1-a4b0-b622c755c43d,duplicate_content,0.83,suspicious timing,flagged
f87ce4c5-7ca8-415f-8bb7-9351e1b6cc88,routing_mismatch,0.692,suspicious timing,flagged
7938fd37-32f3-4eeb-b85d-30175740fbe3,duplicate_content,0.786,pattern match,blocked
cadba6c7-12a0-40bc-b70e-b8d6451e3c6a,volume_spike,0.746,suspicious timing,investigated
0b68a377-ac33-47ec-b74e-f09ca1a14e1f,volume_spike,0.596,pattern match,investigated
92106ef2-d70e-4fc6-84a2-08deb436cd23,volume_spike,0.637,suspicious timing,investigated
1d6a3523-a771-4200-bfde-c287be38eb5d,duplicate_content,0.759,high score,blocked
7eff9a47-c839-4942-9ae6-7d45bab145a1,duplicate_content,0.825,high score,flagged
5c29dfa8-677c-4286-be06-105bc9c7e92e,routing_mismatch,0.853,suspicious timing,investigated
bf05cb4c-212e-408f-8349-ea1392808876,volume_spike,0.688,high score,flagged
db4fc71d-ac70-4667-9f9f-69bb3ece304c,volume_spike,0.708,suspicious timing,flagged
003714a2-df04-4310-aa5d-8e93ea6550e0,duplicate_content,0.858,high score,flagged
7c1dab2d-94c4-445e-bfda-526e689c0833,routing_mismatch,0.775,high score,blocked
d4ed2acb-089b-40c0-bb7e-781a5b667125,volume_spike,0.83,suspicious timing,blocked
45d1b989-d1cd-46d1-a460-5b4d532d569e,duplicate_content,0.888,pattern match,flagged
afb6f724-1737-4506-909b-41f00db0e256,routing_mismatch,0.918,high score,blocked
52454c6f-3929-4fc8-bc0d-54c3e0d1d486,volume_spike,0.629,suspicious timing,investigated
eb75a7ee-3216-4c48-a8c9-b03a2ccc62c4,duplicate_content,1.035,high score,investigated
b2a6b4e8-6b6f-484e-badb-f4c6c3b636a8,routing_mismatch,0.947,suspicious timing,investigated
9347fb29-ea6b-4931-83f5-b55b1c88cf6a,routing_mismatch,0.453,high score,flagged
36702bf3-347d-4833-a4fe-1681866d9518,routing_mismatch,0.979,high score,blocked
a8b8b455-ae88-4686-baeb-74d72de173be,duplicate_content,0.876,suspicious timing,flagged
5b37be1f-0111-4f35-8030-3e89470b1f38,volume_spike,0.647,high score,investigated
db1379a5-a62a-4456-9cf4-294808100649,duplicate_content,0.958,high score,investigated
ad3d3bf3-bfce-4506-9c89-4d9526f4c14b,duplicate_content,0.712,high score,blocked
66a3bba2-0645-47de-9a72-481369ddf1b4,duplicate_content,0.591,high score,flagged
ca674304-444b-47f8-813a-14dcc450a80a,routing_mismatch,0.472,high score,investigated
58c4beea-c00f-49ba-a6f7-1677db29a3f2,volume_spike,0.807,high score,investigated
305470fc-1f09-40eb-8d7d-b9f45b24a23c,duplicate_content,0.748,high score,investigated
c1688728-5ff6-475a-aa74-8f7ae0d43386,duplicate_content,0.812,high score,flagged
f2462b85-cfb8-403f-97f3-476bfeaa7e0a,volume_spike,0.613,suspicious timing,blocked
cf52e191-2b56-4628-9fd3-bab2c362ded5,duplicate_content,0.791,high score,investigated
03823b89-369c-47f8-866e-05c281626c33,routing_mismatch,0.335,pattern match,investigated
c2826713-2f80-4b93-92a3-198232c1abb7,duplicate_content,0.788,suspicious timing,blocked
ff72f44f-9a30-4956-9290-debbaa3431ac,routing_mismatch,0.667,suspicious timing,blocked
94144dca-6662-4cab-bb64-0ce4a3e7c21c,volume_spike,0.767,high score,investigated
c9b0c4ed-c959-4c4c-b947-7219f021f395,volume_spike,0.772,suspicious timing,blocked
5cbeb459-f581-440b-b26c-e3df8fdef558,routing_mismatch,0.8,high score,blocked
f3df8a25-848f-4908-aac7-00963c72dc58,duplicate_content,0.939,suspicious timing,flagged
3f185f90-e0a2-4271-a37b-24d781f9494a,duplicate_content,0.499,high score,investigated
c0ebd054-0472-4a08-94b3-11a37e221cf0,volume_spike,0.74,suspicious timing,flagged
09ef0d60-120c-449f-a24a-f9594c870b8a,routing_mismatch,0.818,suspicious timing,investigated
37b65796-07ea-467d-96a6-9465ae8caf8b,duplicate_content,0.562,suspicious timing,flagged
d7a9dda5-efa9-4741-affe-57412b9fbea6,duplicate_content,0.748,pattern match,blocked
7327ecbc-df0d-490a-a3d7-089fa59e73f0,routing_mismatch,0.575,high score,blocked
c7781408-1abc-47aa-a346-a299211ac7d5,volume_spike,0.828,suspicious timing,blocked
2f70b0a9-3370-49b0-bf4f-77ae3c8d777b,routing_mismatch,0.863,high score,flagged
cf3979e0-655e-419e-affd-a3c7be61367e,routing_mismatch,0.823,suspicious timing,investigated
7d3fb807-92ac-4ac9-b806-5a1476b51545,routing_mismatch,0.907,high score,blocked
0b04e1f2-fc5d-4541-b24e-aedddcf85b90,duplicate_content,0.884,high score,blocked
7a62f655-c00b-455a-8e71-1ea3f0be8eed,volume_spike,0.778,suspicious timing,investigated
a1025b50-5ff6-48d4-a1f3-b70219d4be03,duplicate_content,0.901,high score,blocked
eab5021b-49dd-42c8-9e54-d0d679f738d3,duplicate_content,0.794,high score,flagged
4d94cabc-d80c-4117-89f3-9b2b79d4d2d7,volume_spike,0.823,high score,investigated
a2e689da-d182-497f-8212-7beeba66a63f,duplicate_content,0.618,high score,flagged
49ccc44e-511f-4d97-9419-b7ed5d70063d,routing_mismatch,0.966,high score,investigated
7174510a-dcc4-4192-826d-d9d16583305a,volume_spike,0.63,suspicious timing,flagged
ca0fab12-bcf4-4dec-87ce-af15de90a90c,duplicate_content,0.798,pattern match,blocked
230fd6dd-582e-40c0-ad10-6000c58a9446,routing_mismatch,0.888,pattern match,investigated
1d9a2ee5-e394-4cfc-ab4b-ea1e3fc58403,duplicate_content,0.707,high score,investigated
7e8a6bfe-2788-444d-a87b-c02629e65045,volume_spike,0.8,pattern match,flagged
864c1acb-0652-4fa8-a5b2-695e217d6484,routing_mismatch,0.83,high score,blocked
752739d5-6381-4eba-8cd5-ce727b247594,volume_spike,0.61,pattern match,blocked
65ec7167-5cad-47e0-9fc3-9fc62016acf1,duplicate_content,0.403,pattern match,blocked
43b96df8-a58b-4805-bd2f-0e9bde3c1313,routing_mismatch,0.779,suspicious timing,flagged
51529835-3730-40e8-98ef-6c53b86c81e9,duplicate_content,0.741,pattern match,investigated
d65c4365-ab1d-4cc4-9730-bfa3150c3e63,volume_spike,0.79,pattern match,flagged
1d1520b4-ebd2-4a7b-997a-b470942895fd,volume_spike,0.705,suspicious timing,blocked
e1fcf9ff-4c78-4913-9a8a-9a747ec19d32,routing_mismatch,0.717,pattern match,flagged
49cd595e-67e0-4a9b-a39f-e7f26087b288,volume_spike,0.94,pattern match,flagged
d8cf26e6-5a0a-4515-994f-89ebb10ed192,volume_spike,0.773,high score,flagged
c8196c89-3030-43c1-b08f-9a6e70adb334,duplicate_content,0.82,pattern match,investigated
c23eef8b-6200-4468-8a8c-4a476a6d8951,routing_mismatch,0.878,high score,investigated
b05ffb5a-fae7-4cd6-8397-7c0a95aa1596,routing_mismatch,0.804,pattern match,flagged
cdc42ddc-f7a3-4a2a-ad5c-65ed0e09730b,volume_spike,0.873,high score,flagged
7070e681-08d7-4fc6-beb2-d75b62b026f9,routing_mismatch,0.584,high score,investigated
20340bda-db26-42f9-a9d9-a7d5040744ed,volume_spike,0.683,high score,investigated
98108f89-dc07-4205-a2dc-7430a7fd4c0a,volume_spike,0.593,suspicious timing,investigated
5a2859dd-2b2d-44c4-99bc-68681c69a987,duplicate_content,0.813,pattern match,investigated
cc8e04b0-a5f7-4eb8-b83d-93a775454183,routing_mismatch,0.75,suspicious timing,blocked
405bc93b-cf3c-4cf7-b8cd-cf6b206f87c6,duplicate_content,0.741,suspicious timing,blocked
1f0a7551-0363-4f49-bc32-47b169f73014,duplicate_content,0.765,pattern match,blocked
aa96fac1-5c56-4b0a-af2f-00b723ae61b4,routing_mismatch,0.639,pattern match,flagged
c0f37aa6-aed8-4994-bd14-f58c1c637d18,routing_mismatch,0.726,high score,investigated
318533ae-754e-44c2-8be2-cf0f34d55982,duplicate_content,0.861,suspicious timing,flagged
be2d7cb1-a63c-4224-8829-5ff3d80b9c65,routing_mismatch,0.835,high score,investigated
1483ee7d-8696-4c59-a7ee-8ab6391bb56a,routing_mismatch,0.59,suspicious timing,investigated
1d46d712-38cc-4ab9-8b68-0041be445e3d,routing_mismatch,0.702,high score,flagged
00fd601b-2eb2-4d92-b8cb-6af6e89a79e6,duplicate_content,0.629,suspicious timing,flagged
c41bef1b-e7af-448e-81ad-8118f911aea7,routing_mismatch,0.944,pattern match,investigated
88e3727d-1f9f-4b43-91e3-2ed4e5f519f2,duplicate_content,0.988,suspicious timing,flagged
1d78ca95-3a38-4a60-9fda-f93e53b45248,volume_spike,0.712,suspicious timing,blocked
b109abd5-42ac-4925-95f2-311c00adf3f4,routing_mismatch,0.862,suspicious timing,investigated
616c4024-6f1e-43e5-a31a-f9b24bf7474f,volume_spike,0.628,suspicious timing,flagged
0b4853a9-271e-45d4-a6b8-b0e6517e41b7,routing_mismatch,0.783,high score,investigated
6590092e-58b0-45e9-8eab-983b748bced5,duplicate_content,0.944,suspicious timing,investigated
3b842346-6737-4764-a013-cb8fccc7b966,routing_mismatch,0.751,pattern match,flagged
b8b0c209-cb91-48f0-81c2-81ffa48f2ee7,routing_mismatch,0.284,high score,investigated
c887f0ed-4b86-4b94-8a9c-6cda61322114,routing_mismatch,0.696,pattern match,blocked
6ce4f0ad-2051-47cb-96dd-df3d2d9031ee,routing_mismatch,0.679,high score,investigated
439e5dff-ffb1-4ee4-9061-8bb6cfb40e0b,volume_spike,0.769,pattern match,blocked
d433fd49-04d7-433d-ac04-81232ed2c0be,routing_mismatch,0.692,high score,blocked
40a65d3a-32b2-40bb-ae25-8143b6304955,routing_mismatch,0.767,pattern match,flagged
4b3bb330-423a-45e4-9b7c-3651c9fd13a0,duplicate_content,0.951,pattern match,flagged
e490cbf3-c662-4842-9708-d24944b268e2,routing_mismatch,0.79,pattern match,flagged
04b10037-804f-45b4-aedd-ef549d45589c,routing_mismatch,0.682,suspicious timing,flagged
a68a291d-bf48-4506-8a7b-ab406b3bea8b,routing_mismatch,0.851,pattern match,blocked
2560cfd9-6ebb-4db8-9f2a-8142ec7de3ec,routing_mismatch,0.812,pattern match,investigated
9d381c8e-87e6-4539-b57e-3bec3a64795f,duplicate_content,0.787,pattern match,flagged
582c5895-2bba-42a1-82e1-3c3c56c14a40,routing_mismatch,0.58,pattern match,investigated
9917acad-b9a4-405b-9611-9ee7d97c0af3,duplicate_content,0.812,suspicious timing,investigated
d74a20fa-4119-4000-b823-60c79ed509bf,duplicate_content,0.864,high score,flagged
6502e990-6d1f-45a6-8582-a0b0804dcabf,volume_spike,0.536,suspicious timing,flagged
a7ef06eb-c04c-4a80-96c3-c8f9c33b41cf,volume_spike,0.876,pattern match,blocked
7daac186-7772-4045-a02e-820193d40856,duplicate_content,0.62,pattern match,blocked
85720dbf-f9aa-4ea2-b913-e3aa0e9b9a14,duplicate_content,0.963,suspicious timing,investigated
9707a81f-7ccf-4d8b-a986-11ded9c59a84,volume_spike,0.776,high score,flagged
25df42b4-6511-4d08-a706-d01a4e448e35,duplicate_content,0.86,pattern match,flagged
58587404-e62c-46d8-9199-edf78431a5de,duplicate_content,0.891,suspicious timing,blocked
fb9e6502-d93f-4d09-b5eb-ea9bc8249384,duplicate_content,0.785,suspicious timing,blocked
1ed85caa-1f4c-485c-8d65-3570143814ae,volume_spike,0.687,suspicious timing,flagged
29ad1133-3f50-4630-8b43-7ef29564bd99,volume_spike,0.947,pattern match,flagged
ca419dbf-fee8-4181-b370-afbb87ca9e07,volume_spike,0.778,pattern match,investigated
e19c0ee0-e488-4719-81a4-e362b1914a45,volume_spike,0.907,suspicious timing,flagged
22612d37-444f-4f82-a74a-c3340902644c,duplicate_content,0.525,high score,investigated
e63783a5-eb82-4009-a304-3ff82689598f,duplicate_content,0.857,suspicious timing,investigated
887d5398-126d-4af8-855e-2040deec59d1,duplicate_content,0.898,suspicious timing,investigated
6eb0a6d9-d9ac-4437-8f0a-7d9c6ab884c4,volume_spike,0.676,high score,blocked
b2cb5a48-0b31-435a-8697-8d2345f5bfdc,routing_mismatch,0.869,high score,investigated
69818dbc-fa9d-4b85-ab15-89a0d9145e8a,routing_mismatch,0.681,suspicious timing,blocked
5f41724c-dc9b-4230-9b55-a078f37e1db8,routing_mismatch,0.833,suspicious timing,blocked
5117c151-fccc-48d0-b1f5-8bddb8c0cc75,routing_mismatch,0.773,suspicious timing,investigated
747aaf10-e92e-4981-ab79-807887defe69,routing_mismatch,0.786,high score,blocked
fe926088-4061-41d4-9d25-b4d3158c275e,duplicate_content,0.722,suspicious timing,blocked
3eb556ff-7589-4101-a59b-bbe33e06be6d,volume_spike,0.602,pattern match,blocked
9b8e79a6-d123-49b8-8b06-b769679c4cfd,volume_spike,0.679,pattern match,blocked
b517971d-bcb4-4541-8250-a8507531a34e,volume_spike,0.7,high score,blocked
e6376fc2-545a-4abd-aa9c-992f1610adc1,volume_spike,0.919,pattern match,flagged
43be70b9-cb85-4982-a8ae-04afb714b460,volume_spike,0.959,suspicious timing,blocked
37fd9706-6299-422a-8839-48dc6d546c9d,routing_mismatch,0.805,suspicious timing,blocked
a91b45ce-c6d5-4b61-90d2-4b5035649f4c,duplicate_content,0.628,suspicious timing,investigated
b93706da-420e-4434-add2-461b4a073574,duplicate_content,0.821,high score,blocked
7e8741a7-ecbc-484e-939e-a1ae4cae055f,volume_spike,0.702,high score,flagged
0f15420e-506e-4947-8a55-01c7441578e4,volume_spike,0.95,suspicious timing,investigated
b83e0a05-8c7c-4bf6-ab9f-03bdaa314444,duplicate_content,0.634,suspicious timing,flagged
39de2e64-8b14-40aa-b7b5-7bc4f2ac6a4e,volume_spike,0.819,high score,investigated
66fabd32-1631-4166-9636-8b551de447b2,routing_mismatch,0.803,high score,flagged
8a0a47cd-15ac-4ed4-8f20-ccd0733d2d0d,routing_mismatch,0.926,suspicious timing,investigated
e4661edc-3a4a-4ebe-bcd0-41b69da5c229,routing_mismatch,0.843,suspicious timing,blocked
fc214efe-1bbb-41c2-93f4-3ba21835fb63,routing_mismatch,0.772,high score,investigated
ce25d7ef-d8ce-446a-8b82-eec9a08e6df3,routing_mismatch,0.842,pattern match,investigated
957daf8a-8e7a-4dfe-aa85-be6bda4c1656,routing_mismatch,0.879,pattern match,investigated
8370d4ac-77e2-4be1-9321-c297c4441abe,routing_mismatch,0.937,high score,investigated
bd4df193-8824-4093-8c22-714b81abf6aa,duplicate_content,0.58,suspicious timing,blocked
681eb071-1894-4a5f-ac0e-9542bf43d8b6,duplicate_content,0.849,suspicious timing,investigated
44e97486-5f39-4eb4-9dca-0434d5368709,routing_mismatch,0.794,high score,flagged
cff8924c-ae0c-48b0-a5d8-131c5de00898,duplicate_content,0.898,pattern match,blocked
d9a97cb1-8f80-4e2d-be11-1095bede7277,duplicate_content,0.612,pattern match,flagged
a1e3cec8-ad40-427e-bebe-2d970413eeae,duplicate_content,0.789,suspicious timing,flagged
2eb1a4c9-135f-452f-b93f-a61b7b24f166,volume_spike,1.014,pattern match,blocked
01801f3d-68dc-44fb-8223-6f71c4111066,routing_mismatch,0.696,pattern match,investigated
bede97ec-f39e-461c-ada1-6cfe28279cef,duplicate_content,0.902,high score,flagged
36857d1c-353b-4a00-afae-a724579f3a0d,volume_spike,0.663,suspicious timing,blocked
54e0ac59-bb06-44ee-87e5-fddd947d75f0,duplicate_content,0.907,high score,blocked
55f3d8c8-7638-48ff-9a41-63b054eae038,routing_mismatch,0.914,high score,investigated
bfd32d3e-b2f1-44e6-baa9-8b72b24ae617,volume_spike,0.701,high score,blocked
950a5ce6-e280-406f-b204-8e4d235ebe4f,duplicate_content,0.696,suspicious timing,investigated
32845921-4159-452c-8fd0-2a4b26d5f88f,routing_mismatch,0.868,high score,investigated
6d7d631a-0695-409b-bd7b-91cbaa4695fa,volume_spike,0.87,high score,flagged
e3718ae0-8163-4fb3-b3c7-2b33d2233eed,volume_spike,0.611,pattern match,blocked
c4d8c5ab-f824-4be4-8392-c8c6ec21cccb,duplicate_content,0.918,pattern match,blocked
1dceaf7a-5912-4190-966a-3b784e3758a1,volume_spike,0.627,high score,investigated
83c7a88b-1862-46ab-868f-c95828f27be4,routing_mismatch,0.786,pattern match,flagged
a86d4867-4061-4596-ab10-146bbdb8d268,routing_mismatch,0.835,suspicious timing,investigated
bcb98689-6a39-4f1f-952d-5059a9c58158,volume_spike,0.92,suspicious timing,investigated
2fdb8c16-a1a9-4d85-9eb2-d73ba5380af1,volume_spike,0.888,high score,flagged
2b0e3ad5-ef9e-40f1-a2d6-a97e228ab23b,routing_mismatch,0.965,suspicious timing,blocked
27ff881a-db0b-44e8-8d17-e18def62499e,volume_spike,0.792,pattern match,flagged
81e46596-e9ef-433d-a128-291d9cacb773,duplicate_content,0.699,high score,investigated
f14fe045-b937-4de9-82d7-23d515024aa2,routing_mismatch,0.785,high score,blocked
bf41e1f4-af20-4985-8d65-9f6faee23c11,volume_spike,0.795,pattern match,blocked
4063b5fa-13ca-4d61-b0bb-5faa31630560,volume_spike,0.704,high score,investigated
077fd315-28c8-4296-89e6-ff52df912471,volume_spike,0.733,pattern match,investigated
66c00cf0-983c-4723-a7e3-4f469ce58709,routing_mismatch,0.726,suspicious timing,blocked
59b91293-e548-498e-97dd-993f7b70f014,duplicate_content,0.904,pattern match,flagged
277c2d0d-0c76-4a31-9eda-a0610220c5c3,volume_spike,0.748,pattern match,blocked
07ca54c4-fb6a-47db-9086-30ff4e4974a4,routing_mismatch,0.786,pattern match,investigated
b320c757-b250-4b24-9ddc-90b91b488c3d,routing_mismatch,0.775,high score,flagged
819dfe4e-65c5-4bf6-9cce-d63182e141ff,duplicate_content,0.72,suspicious timing,investigated
80f17a19-b608-4d3e-b4f5-a3b713890173,duplicate_content,0.784,high score,flagged
ace2af94-55e1-4849-a9b1-c260ad11b46d,duplicate_content,0.688,suspicious timing,blocked
89e5f70b-7f96-4cc1-902f-9c64ad5c932a,volume_spike,0.773,high score,investigated
b8f0de80-ea16-4299-be70-b3c571ea159c,volume_spike,0.879,high score,investigated
e01d44ff-8900-444a-8abc-74cdd9cc2d53,routing_mismatch,0.711,high score,investigated
d6090217-3743-40e9-a35a-47dce0248842,routing_mismatch,0.872,suspicious timing,blocked
f8fee4a6-1c2f-4eeb-9879-3cb873a1c6db,duplicate_content,0.682,pattern match,blocked
c0cc6e4b-e773-49d2-abd0-71222b430ddf,volume_spike,0.897,high score,investigated
537c71c1-a86f-4e10-b5f8-a8cebd73ec55,volume_spike,0.686,high score,investigated
869eb3a7-fc49-4dbb-8fac-a8dc2e57474e,routing_mismatch,0.693,suspicious timing,blocked
3355dbd8-6a22-4a87-93aa-866480ea02b7,duplicate_content,0.925,suspicious timing,investigated
df0c4f0a-9a73-43a3-a640-c356c05fa860,volume_spike,0.842,suspicious timing,investigated
65b0cbac-9a26-446a-b16e-8beb5576d590,routing_mismatch,0.866,pattern match,investigated
70636f74-bfb7-4b86-b09b-8ab8abea1a6d,routing_mismatch,0.612,suspicious timing,investigated
b3933399-b14a-4ccd-a6d0-c71884b298e5,duplicate_content,0.78,high score,blocked
d9e104f8-0139-4984-8a0a-137a082cc30e,duplicate_content,0.925,suspicious timing,investigated
063a83f0-23cf-491d-b404-179dcfb48236,routing_mismatch,0.883,suspicious timing,investigated
1629c7e1-8ac2-4420-a2f8-bb46e8f4211a,volume_spike,0.606,suspicious timing,investigated
19fe98e2-c5e1-4018-b58b-2d6429ac6ae5,routing_mismatch,0.546,pattern match,investigated
662ceaea-e52e-4850-84d1-b8259cb6270e,volume_spike,0.807,high score,investigated
30dae73c-5b52-484d-ac5d-33ce2cb67c04,volume_spike,0.79,suspicious timing,investigated
657813ff-2b5a-42f2-9a01-23a3b223e156,volume_spike,0.663,high score,blocked
22742218-6c75-4b54-a26e-73976cdb06e2,duplicate_content,0.871,high score,investigated
0b9e8785-6621-47d3-b608-1b24732d8794,routing_mismatch,0.746,suspicious timing,flagged
56686e84-b2b1-4990-a352-88fffd588c5a,routing_mismatch,0.79,suspicious timing,blocked
4a96158e-2ff8-429d-b4b5-1ab4faf2df72,volume_spike,0.809,pattern match,blocked
7981d7dc-b0f6-48cf-b2e0-7933f5c29168,duplicate_content,0.676,high score,flagged
6a17715c-685b-499e-8242-4517492a8b6e,routing_mismatch,0.983,pattern match,flagged
20b6dae3-0954-4594-876c-13ed05479a88,duplicate_content,0.539,suspicious timing,blocked
5b55ef68-41c9-43b1-983c-9c4105268f39,volume_spike,0.892,pattern match,blocked
2811c631-c1ed-44bd-82a7-af2e9017be67,volume_spike,0.832,high score,investigated
7e141c68-f51c-4778-8d3c-d82df96dc956,duplicate_content,0.768,pattern match,blocked
2980c5fa-69a7-4037-8d59-a60d0b350d81,routing_mismatch,0.569,suspicious timing,investigated
364f8742-44e7-4e17-b13f-21b2aa2ffd7d,routing_mismatch,0.882,high score,flagged
219c440f-6d50-4ff4-8f02-609b27c5a4c9,volume_spike,0.964,pattern match,investigated
280adac8-0219-4241-9cf6-f6baa27b9172,volume_spike,0.704,high score,blocked
f212126e-3e05-4149-a15e-396d03d210c1,duplicate_content,0.809,pattern match,blocked
acecb971-b0cc-4202-96a1-8b6e678c8b2e,routing_mismatch,0.891,pattern match,investigated
9c342ecf-89e7-4600-9157-44f0b0f2a990,routing_mismatch,0.696,pattern match,blocked
155509eb-d99b-4b0d-86ca-86e5eac490ae,duplicate_content,0.937,high score,blocked
b455d44d-b09c-45aa-be52-7788c44bbfd2,duplicate_content,0.946,high score,blocked
1322d002-11ef-4235-b492-83079441512c,duplicate_content,0.663,suspicious timing,flagged
ce7f21c7-d100-4b18-b9c5-ca0a2fefc3c3,duplicate_content,0.832,pattern match,investigated
b40d38c9-809e-4912-89e1-b4045c3380bd,routing_mismatch,0.612,suspicious timing,flagged
3ed85392-8775-4a0a-9a66-a0fab3484454,duplicate_content,0.801,suspicious timing,investigated
29cefc28-a59d-41f6-a1fb-3f8e21cd57ff,volume_spike,0.794,suspicious timing,flagged
eaeac933-e2dc-46fd-881e-1ccdf5607664,routing_mismatch,0.881,suspicious timing,blocked
bc69b49c-96af-47b9-9f58-6927a0f387c8,routing_mismatch,0.699,high score,flagged
db8578f7-3d4e-4baa-b497-d358bd19d270,duplicate_content,0.668,pattern match,blocked
860e63d4-bea0-479b-9c95-24c84ce63645,duplicate_content,0.715,high score,flagged
0dec9590-c674-4f43-beb2-eb99d57de303,volume_spike,0.724,high score,blocked
43e36cf2-e54c-40d9-9e1a-81e55ce634f2,volume_spike,0.677,high score,blocked
5e576c6c-8080-4ae3-a1fc-7a2b2518501d,duplicate_content,0.805,high score,blocked
d656c6c4-bcbf-48ba-8478-3ed4e6e7a683,duplicate_content,0.776,suspicious timing,investigated
31abae9f-e7b8-4cb0-9664-03a7502df218,routing_mismatch,0.559,suspicious timing,blocked
12cef6fa-abc0-487d-8a9e-86a5888b0477,routing_mismatch,0.777,pattern match,blocked
39204f89-8f60-4bce-b5ea-f1498ffa19a6,volume_spike,0.769,pattern match,investigated
c0acc116-5bd7-4846-8c15-400dd8fa9fec,routing_mismatch,0.598,pattern match,flagged
4a8dea39-78b5-40d5-bb1d-22729c3fd6d7,duplicate_content,0.633,suspicious timing,investigated
15db7d80-475a-41e5-95ce-0fa3680cd424,routing_mismatch,0.921,pattern match,flagged
e41fa9b7-48bd-4ff4-8535-c36d392f242b,duplicate_content,0.883,pattern match,flagged
341e3121-ca0d-4ebc-9142-daf70691b45f,duplicate_content,0.719,suspicious timing,flagged
7188e129-1ec9-41a6-b44d-594fd30d2211,duplicate_content,0.68,pattern match,flagged
ed54cf1c-e0de-4e8c-8096-75c58c23c401,volume_spike,0.802,suspicious timing,investigated
d626c2e2-798c-4f54-949a-02cbcb3caa20,routing_mismatch,0.82,suspicious timing,blocked
06fa3a75-2d62-4954-bd02-ad46c9083066,routing_mismatch,0.667,suspicious timing,investigated
32122221-e7cb-421a-aefe-31163a8c2de5,duplicate_content,0.694,suspicious timing,flagged
7e0e99ab-a4e3-44d6-ade5-bddd5c4ea1c7,volume_spike,0.711,high score,blocked
5d3e990d-bd95-44f6-8c4a-92b56b5da35c,routing_mismatch,0.792,suspicious timing,investigated
0020cf6a-3d0d-4d4d-a742-666538d295b1,routing_mismatch,0.505,suspicious timing,flagged
80c01500-6206-41e9-9fbe-7fcaf3429dcd,volume_spike,0.694,high score,investigated
b3c925b5-b90d-4fa0-ad35-035174910170,volume_spike,0.926,high score,blocked
d9b229c4-426c-4f09-98ad-83dfa1e2cd3d,volume_spike,0.842,high score,investigated
e95ac395-1af8-42df-9402-079dc45c6fe5,duplicate_content,0.983,suspicious timing,investigated
d0e0d6ba-5916-41a2-94ee-c7a2f4741290,volume_spike,0.768,pattern match,investigated
6e92d636-c5f9-471b-84e2-ddc8e41eceb3,volume_spike,0.867,pattern match,investigated
6cd2d0da-9b63-4015-922c-46e0633385b8,duplicate_content,0.548,high score,blocked
33401681-0ac6-42b4-9321-d9168f0a645a,routing_mismatch,0.886,suspicious timing,investigated
322dbdf9-b7c9-4bac-ba89-65117a83ada6,routing_mismatch,0.502,pattern match,flagged
439485aa-acc6-4220-a26b-949c403c7f6f,routing_mismatch,0.654,pattern match,flagged
22a6019c-e54e-4f49-8de7-21ea594bc421,duplicate_content,0.814,suspicious timing,flagged
7c354ab5-28c0-495d-8d6f-72a26a651e5b,duplicate_content,0.839,pattern match,investigated
07469109-863b-47e5-858b-dc535d51dd95,routing_mismatch,0.878,suspicious timing,flagged
f76c6b48-222a-4316-a77c-c011aa368e13,duplicate_content,0.649,pattern match,blocked
8b4bc449-97bb-432e-a4c7-3581c33c18a4,routing_mismatch,0.602,suspicious timing,flagged
c5272642-eff0-4951-8b74-fb1874a94b8f,routing_mismatch,0.636,pattern match,blocked
345d71e3-1dd8-4e1a-ab1d-03246f1c3cef,duplicate_content,0.59,suspicious timing,investigated
3e8cfe55-3dda-4da9-8c46-b75f3657c64c,duplicate_content,1.075,suspicious timing,investigated
7aa3b99b-f11f-4ffa-99f3-cc91fe82ebb7,duplicate_content,0.94,suspicious timing,investigated
1e66c959-0bcc-47ea-bd3b-210d47d44216,duplicate_content,0.739,pattern match,flagged
a8c3fa61-382f-44b5-b670-ce2ec80674f5,routing_mismatch,0.755,pattern match,blocked
6f78ff83-32be-4237-8e51-6c039d89d977,volume_spike,0.579,suspicious timing,investigated
5dfd6100-b272-48c0-9896-f6b07edf69b1,routing_mismatch,0.967,suspicious timing,blocked
688d4f04-fc78-4998-b295-b3a16f76eaca,volume_spike,0.614,suspicious timing,blocked
4c92d20e-eb71-4e06-8fd2-58083c5239df,duplicate_content,0.625,high score,blocked
a9c5068c-ba69-4525-88ea-3223e43a0e44,routing_mismatch,0.778,high score,flagged
33f7b3ef-84d0-4e20-87e9-e796fbdc488b,routing_mismatch,0.704,pattern match,investigated
2e5a7786-acbe-4e1a-892a-8ff2dca0f6eb,volume_spike,0.829,pattern match,flagged
8cf97a99-634b-4cf2-8844-02b9609947fe,routing_mismatch,0.695,suspicious timing,blocked
b0e9a446-964d-439b-a3ba-ef9dd7381317,duplicate_content,0.781,pattern match,flagged
8e136460-fb1c-4bce-aa4d-399c7a91c677,volume_spike,0.63,high score,flagged
b4b36463-235c-478b-a7da-5ba76e6ead08,routing_mismatch,0.587,high score,investigated
9e7b713a-fbf8-48e8-bc09-5a9073787eb2,routing_mismatch,0.944,high score,blocked
aabe2d21-5f51-4369-a173-68d8e61f1a64,volume_spike,0.704,suspicious timing,flagged
037b7589-e50b-40a1-9bca-b65460228f61,volume_spike,0.867,pattern match,flagged
550a44ab-2b00-4c9c-9c4b-bfa375dc071a,duplicate_content,1.017,suspicious timing,investigated
e7e0e9cb-543d-4652-a71b-7e5f99be3526,routing_mismatch,0.826,pattern match,investigated
e1eac706-29ba-43e3-ba27-33a0c08c6c91,volume_spike,0.646,high score,blocked
6a7058ed-8f95-42e1-9f30-a1dc18622c5e,routing_mismatch,0.856,suspicious timing,investigated
468e50bb-94b7-4ee5-bb47-0e11200f0aab,volume_spike,0.642,high score,flagged
52187d07-12c9-4039-9948-75cccd6b0224,volume_spike,0.964,pattern match,investigated
8f14187d-7feb-4660-9932-365b6b5083e0,duplicate_content,0.855,suspicious timing,blocked
7107cabd-7ec4-4329-b314-c8245ae94c87,duplicate_content,0.716,pattern match,blocked
cda053e3-dcba-4303-a71f-ba92755473c3,duplicate_content,0.892,high score,investigated
744abe94-ecc4-4f88-b4a1-6e14899de678,volume_spike,0.785,suspicious timing,investigated
57c70b0c-1ac2-438e-8c53-3fd18538c393,routing_mismatch,0.677,suspicious timing,blocked
fa6eddcb-6386-4213-9a86-c6080d911806,volume_spike,0.644,pattern match,blocked
d2366440-cfd9-489c-9a15-f8b1c9e6d7a5,duplicate_content,0.563,high score,flagged
6ee5e58d-b769-44a0-8945-8994592d6737,routing_mismatch,0.81,pattern match,investigated
6ac961eb-6281-4887-97cb-442d8dc067a8,routing_mismatch,0.778,high score,investigated
434bef68-0025-4402-b83c-c599ca12fed7,routing_mismatch,0.777,high score,blocked
8422015c-d0c5-41b9-8a66-0d5bd7a35669,routing_mismatch,0.656,pattern match,flagged
27c13ec0-4672-4baa-a370-311f8d7e84c2,duplicate_content,0.892,suspicious timing,blocked
531d64e2-fabb-4109-96be-5301c950ddce,duplicate_content,0.684,high score,flagged
25cfd28e-9a9a-46d7-8fbf-68cb3f338621,volume_spike,0.839,suspicious timing,blocked
fff6f923-adcb-4ee0-8dc9-42917eb8ffb0,routing_mismatch,0.659,high score,blocked
efb94dca-352f-43f1-9322-1bf65193c5f9,duplicate_content,0.827,suspicious timing,blocked
4ba0f826-b302-4c04-aa37-ac1caea9ef9b,routing_mismatch,0.573,pattern match,flagged
d32e7032-7c77-4b81-9b9c-4943509b4c01,volume_spike,0.654,pattern match,flagged
aa6b305e-a207-4326-8ab3-a07e26fb2317,duplicate_content,0.794,pattern match,flagged
b2ee1da3-39ab-463c-95d2-34cb7ad0cff6,duplicate_content,0.866,suspicious timing,flagged
81aed6b4-bb12-43ff-a891-0b77ae0bc356,volume_spike,0.847,high score,investigated
14a76577-e19f-4966-bbb2-898245d54cea,duplicate_content,0.834,suspicious timing,blocked
700a303e-4f76-47bb-9556-b70ae2219e66,duplicate_content,0.61,pattern match,investigated
611a27e5-c6cf-4406-a937-5d70fabeb4ce,duplicate_content,0.752,high score,blocked
bd5ef3d8-214c-432d-9e8a-6b4be552f28e,volume_spike,0.942,pattern match,blocked
0ddfd76b-30e7-4db5-81cc-2eb383acd37a,volume_spike,0.508,pattern match,blocked
4855711e-729c-47de-a767-5353d74c89ba,routing_mismatch,0.946,pattern match,blocked
29777fc8-3944-4d36-b1b0-ef097bcf5c03,volume_spike,0.643,suspicious timing,flagged
724ae4c2-01d5-4354-baf9-0996082322a9,duplicate_content,0.918,suspicious timing,blocked
a9e389eb-773c-4dd2-9b4b-4ed413368110,routing_mismatch,0.855,suspicious timing,blocked
f270ca94-7662-420f-b06b-6c81a0202d55,duplicate_content,0.698,high score,investigated
95f93805-cafa-4d3b-8fc1-c288b04e8b46,routing_mismatch,0.974,suspicious timing,flagged
6c49de89-59ba-4c8d-a16e-7cc4b3a8ecd9,volume_spike,0.872,pattern match,investigated
fab26711-e476-4956-95cd-4360f38d6457,volume_spike,0.548,pattern match,investigated
c730916d-9b53-4a9d-bf6d-7ad556dfca44,routing_mismatch,0.665,high score,investigated
2df817ce-7f5d-4e93-8604-832c75ba3542,duplicate_content,0.718,pattern match,flagged
98da56d9-7b3d-4b91-937e-4c35fbf03e27,routing_mismatch,0.9,suspicious timing,investigated
b27aa296-bce2-4d73-8959-c0eecd2fffd0,volume_spike,0.848,suspicious timing,blocked
c5e26aeb-4964-4db7-8afe-2cffb79a6ba5,routing_mismatch,0.863,pattern match,investigated
cbb4e029-05a1-421b-a3f4-41f2eca42d39,duplicate_content,0.845,suspicious timing,investigated
dd296c2a-d8f5-4500-b841-21c922a72e84,duplicate_content,0.865,suspicious timing,flagged
e6602cfd-3f49-4172-8ee7-08eaa47d9e2e,duplicate_content,0.676,suspicious timing,flagged
7cedb27f-795b-4cdd-8f8f-1a5c75f10c33,duplicate_content,0.786,suspicious timing,blocked
35ced672-4bfb-496b-870f-53b22e11c9a2,routing_mismatch,0.67,high score,flagged
1fe2bb1b-bc53-44f6-a617-0b27e3cd411b,duplicate_content,0.819,high score,blocked
beb5fc5b-c20e-4fc3-a147-d8b929bf2be0,volume_spike,0.688,suspicious timing,blocked
d554d5f3-2fc3-4372-920f-d55e31d4e6f7,routing_mismatch,0.734,suspicious timing,flagged
441118da-fc38-4e2b-a7ad-c9821c1c982f,volume_spike,0.742,high score,blocked
3276284f-59d1-480b-83f1-ea5592d4aa76,duplicate_content,0.909,pattern match,blocked
034e34f0-6e27-4753-ac26-c9906e46872d,duplicate_content,0.8,pattern match,blocked
b05485e9-7e03-4335-af0d-54650dbe2a1f,routing_mismatch,0.554,high score,flagged
b11c56fd-d05c-45bf-af53-de50c5f90956,duplicate_content,0.804,high score,blocked
c0726a84-151a-4e79-8517-21bb6665992b,routing_mismatch,0.797,pattern match,flagged
5fe4a67f-b4bc-4519-9e92-c852494f463f,routing_mismatch,0.648,high score,investigated
1fc219f6-9cab-482c-8bac-d12245e60b5a,routing_mismatch,0.795,suspicious timing,flagged
92e3f9fb-65cb-41ec-a1d8-90f90a8e0066,duplicate_content,0.811,suspicious timing,blocked
3342b79b-44fb-4f4c-8dae-c86ec7194cbf,volume_spike,0.793,high score,flagged
e7600667-2dea-4a51-b81c-7c8100f7fffd,routing_mismatch,0.989,pattern match,blocked
e2b8dac1-82f5-4f1f-aea6-d2e4986366c8,routing_mismatch,0.869,pattern match,flagged
23481693-2586-436c-be82-f07454e296f4,duplicate_content,0.698,suspicious timing,flagged
070b735a-1f4a-43b4-8d46-219e038cfb04,duplicate_content,0.705,suspicious timing,investigated
2c2117ed-9c3e-4b1d-9a42-feff252e07bd,routing_mismatch,0.842,pattern match,investigated
157db1ce-5d4f-40d3-90dd-287f58dcd1ac,routing_mismatch,0.884,pattern match,flagged
6139d89e-7a72-498d-9a04-72b46afeeec9,routing_mismatch,0.665,suspicious timing,flagged
482cceb3-0fb5-4d03-885f-dea2e0929f45,routing_mismatch,0.561,high score,investigated
0984c1c9-4701-4148-be67-3465ba09b2b0,duplicate_content,0.83,high score,investigated
edf1ebad-19af-4b5d-bf55-ae85b1e00193,routing_mismatch,0.973,high score,flagged
b5d977ba-6cd1-4754-b241-4a9b3b529739,routing_mismatch,0.379,pattern match,investigated
c5b63f73-e7b3-48e8-a577-8311559f828f,duplicate_content,0.751,suspicious timing,investigated
5d2c2368-76a6-4007-9ebb-d216d205b852,volume_spike,0.721,suspicious timing,blocked
175e7bd6-641e-4cc0-af39-165cec1af0df,duplicate_content,0.843,high score,flagged
ad00a046-6fb1-4e4b-87c6-8f28c5ef900a,volume_spike,0.787,high score,blocked
f948c384-6fdd-4657-9013-1a17422b28b0,duplicate_content,0.758,high score,blocked
f2b8675d-522f-46c4-b45f-6ba1b6228899,duplicate_content,0.588,suspicious timing,blocked
af7fbb98-8396-4c8b-9eb6-3881e76cfb72,volume_spike,0.854,suspicious timing,investigated
786a9e7a-b4a3-4194-923f-4d3b584a929b,volume_spike,0.662,pattern match,blocked
d7e6425e-b0e3-4928-a5b5-ad155150f9ba,routing_mismatch,0.755,pattern match,investigated
03e3e735-a08c-400f-9000-220de056ca55,routing_mismatch,0.759,suspicious timing,investigated
31e4258f-3fe7-410c-a3df-a7eabe6275ac,routing_mismatch,0.606,high score,investigated
e4f4a62a-624b-4667-864f-03142cd3c8fe,routing_mismatch,0.828,pattern match,blocked
c34089c3-ac4f-4c17-ac26-bb8f829b9089,volume_spike,0.447,high score,blocked
f5024048-8e77-4496-972e-eb09ac4dfd0a,duplicate_content,0.58,high score,flagged
44ac1b87-f4c0-4158-80f0-256a89a6de5e,duplicate_content,0.694,suspicious timing,investigated
5f99058d-96df-4e8a-a308-922c270d2452,volume_spike,0.867,pattern match,flagged
8bac072a-bad4-4d35-96eb-2f9089e75644,duplicate_content,0.894,pattern match,blocked
31015d4d-f326-465e-b491-c38c80906e87,routing_mismatch,0.88,suspicious timing,blocked
3f202ae3-729d-4d21-be94-512ebe75cf48,routing_mismatch,0.662,pattern match,flagged
a37f023c-2196-47e1-8578-c05dca80e158,routing_mismatch,0.852,suspicious timing,investigated
818f2c12-efe7-42cc-84fa-ff2067136da0,routing_mismatch,0.696,suspicious timing,flagged
dea6ac1c-af66-4447-a2fa-673aee15b78c,routing_mismatch,0.661,suspicious timing,investigated
d4df6074-b492-4663-bf17-b77a4b5e6680,routing_mismatch,0.731,suspicious timing,blocked
68c4a699-bac0-4a10-93ba-7146342490ff,duplicate_content,0.511,suspicious timing,blocked
ac4882a0-cf58-443f-8566-6319bdb2f071,routing_mismatch,0.562,pattern match,blocked
2866c58e-2125-48ce-bbde-ff88b59748f3,duplicate_content,0.738,suspicious timing,flagged
9f29f1b7-53fa-4dec-b82b-70706522c586,routing_mismatch,0.589,suspicious timing,blocked
6cac8912-a395-44b0-a2f4-851d70da49da,duplicate_content,0.494,high score,blocked
ecc4c8d2-adff-44ee-a9b8-bd09a2842ee7,routing_mismatch,0.802,high score,blocked
a5e80bfa-d483-49c0-aaad-01534ab119ef,volume_spike,0.609,pattern match,investigated
1401e9d7-20e4-4f91-9106-8fb03cf0a998,volume_spike,0.806,high score,blocked
e53d25a7-c1dd-4835-a2e6-59467071fe23,duplicate_content,0.662,suspicious timing,investigated
ebe05e56-19d4-4db1-8ff2-513f6938afde,duplicate_content,0.809,high score,investigated
3fb5d6a7-da32-4365-abfd-4abec5f7a220,duplicate_content,0.666,suspicious timing,blocked
d3678f96-6381-4ebd-aa4a-27a1bd964a3c,volume_spike,0.68,suspicious timing,flagged
9c33375d-b6a4-42b5-a878-b1ce69bffae4,duplicate_content,0.633,high score,investigated
e2863550-e0ee-4333-95b2-2cb21f836368,duplicate_content,0.698,suspicious timing,blocked
4a64af69-c94e-4e68-88f9-3a3fdf144f62,routing_mismatch,0.862,suspicious timing,investigated
0ef57b0e-67b5-46c3-8954-0f39cb3534a4,volume_spike,0.78,suspicious timing,blocked
1efc1eb3-9686-47bd-9f48-14727ef055d6,duplicate_content,0.804,pattern match,blocked
c9ff8d82-cac4-484c-b7fc-83f140a87ede,routing_mismatch,1.029,high score,investigated
4410cf40-fbb3-4ba9-bb5f-c63e75700db0,volume_spike,0.998,high score,flagged
6f992d24-f7ec-482b-8cc1-819c3020c470,duplicate_content,0.811,suspicious timing,investigated
0f50b64b-7881-4a6b-985c-540a8fd8502a,duplicate_content,0.564,high score,investigated
8902128f-28b9-4fea-92d6-4858cb1b1c16,routing_mismatch,0.83,pattern match,flagged
ffc8bb58-1f9c-42ea-994a-aedf25520417,routing_mismatch,0.949,high score,investigated
90e93d3a-3e9b-4ecc-a702-b47538f32f99,duplicate_content,0.949,pattern match,flagged
93401dd8-f867-4bc5-9010-8274df61f7ee,volume_spike,0.553,pattern match,blocked
3d82b6fd-47b3-435b-a4ce-f86f2ff6846f,duplicate_content,0.771,high score,blocked
baa82d66-9de4-4e48-9e67-3b8675c0c7ff,volume_spike,0.793,suspicious timing,investigated
5849813c-2c31-4083-815c-45c4c45f5443,volume_spike,0.924,suspicious timing,flagged
c0fada7c-fc4a-486c-8fb5-f60d708da557,routing_mismatch,0.744,high score,flagged
2bfc8cc8-023a-4183-b835-9fd207c3b326,routing_mismatch,0.687,high score,blocked
4506f1e5-dbe7-499a-b9be-992d437aa52b,routing_mismatch,0.653,suspicious timing,blocked
68c13401-b777-4e46-9922-904f200a832e,routing_mismatch,1.07,suspicious timing,investigated
d839884c-0187-4010-8087-30e1d408c397,duplicate_content,0.857,suspicious timing,blocked
bb80931c-189c-4781-9ce7-47946b140a42,volume_spike,1.015,high score,blocked
1bcbe441-03b8-4d20-9d9b-c56eb80967d1,volume_spike,0.783,high score,flagged
de2a8c4b-204b-44d4-83ee-c5ea66bbf887,duplicate_content,0.578,suspicious timing,investigated
58a4b718-d752-44f7-aae2-e23545560ca3,volume_spike,0.734,pattern match,flagged
0b183fbc-7a4f-42b2-94ef-f55d9f5e2821,routing_mismatch,0.787,pattern match,flagged
d5fab54f-b461-4c98-8d29-db1bb74bb120,duplicate_content,0.708,suspicious timing,flagged
00c02a95-67f0-4702-95da-10466ef58cd1,volume_spike,0.562,high score,flagged
0a449cde-51bc-425b-b3e3-9a1699248a73,routing_mismatch,0.778,suspicious timing,investigated
963576d3-7d7d-4e3b-b12c-4d2e68898c57,routing_mismatch,0.707,suspicious timing,flagged
555c7ece-bc0f-47fd-8893-517bfe39b638,duplicate_content,0.527,suspicious timing,investigated
97f4aef1-8bff-460d-9b02-26f36a8ceeb5,routing_mismatch,0.727,high score,investigated
a1d134c8-24c5-43b4-9468-9ff2320899d0,duplicate_content,0.727,high score,flagged
96b3e5a2-e41b-431e-b18a-fad56f0d897c,volume_spike,0.809,suspicious timing,flagged
9c9c895b-dfb7-4a36-9c31-45ea19d7712d,volume_spike,0.893,pattern match,investigated
c84b6207-dc69-4c25-afe6-27f087d6a183,duplicate_content,0.709,pattern match,blocked
ef049fef-a972-48cd-8620-9b4788cd066a,volume_spike,0.801,suspicious timing,blocked
98228ef8-91be-4b41-a5b8-de8b0b88f789,volume_spike,0.83,suspicious timing,flagged
745c3d2c-22ae-4a9e-9917-fd51f86c82f8,duplicate_content,0.79,high score,investigated
a8000561-2388-4f89-a79a-d05c8ed2e783,duplicate_content,0.681,pattern match,blocked
681dd54f-9cac-48ad-9e2d-e1d4c7642160,duplicate_content,0.714,pattern match,flagged
ca6c8d51-3ba3-4cf8-b6ac-20b768345a4f,duplicate_content,0.608,pattern match,flagged
b8c530dc-a5d8-41e3-b902-a18530a3d9cb,routing_mismatch,0.853,suspicious timing,blocked
e0ac3306-b154-4af2-bfa9-318a592637e0,routing_mismatch,0.864,high score,flagged
d4565926-513d-42f1-8cdd-2595301d572a,routing_mismatch,0.956,pattern match,flagged
929ccbc4-5375-404e-b660-c3323a3c1171,volume_spike,0.7,suspicious timing,blocked
b0593121-7f74-4f7b-b6ea-4ebdbfd0275b,routing_mismatch,0.732,high score,investigated
55f2da98-805e-40bd-b437-3c1496eb4263,duplicate_content,0.716,suspicious timing,blocked
2776a268-b5fa-4cad-a2a1-b935a872f50b,duplicate_content,0.737,high score,flagged
b73253e2-fa6f-4902-b60f-a8d657be5834,duplicate_content,0.853,pattern match,blocked
880bd7b1-18e4-44e6-a229-c4d746aa4503,duplicate_content,0.868,pattern match,blocked
e64f192c-d270-42b9-93e1-92df2225c0fd,volume_spike,0.557,pattern match,flagged
dcb2f52d-6eba-467c-a71e-d35b9ea007d2,routing_mismatch,0.871,suspicious timing,investigated
4e008555-0635-4171-a6e2-00def10a4ea9,duplicate_content,0.926,suspicious timing,investigated
b86c9320-0679-4ed6-b65a-cd96a35c6710,routing_mismatch,0.646,suspicious timing,investigated
49fadbb3-2f88-4754-a257-b2fa829e5f3c,duplicate_content,0.808,high score,flagged
727d75d1-de09-4ee5-8a1c-1c2af2f14755,routing_mismatch,0.865,pattern match,blocked
be344e72-5f06-4d03-b43f-9e8c21f2d367,volume_spike,0.874,high score,blocked
1edbbfe1-a0ed-41e9-bbc5-30c7c4e82ea9,routing_mismatch,0.777,pattern match,blocked
7988c534-4ec6-4220-9867-8ca684fcfa8b,duplicate_content,0.904,high score,flagged
1787058e-b01d-49cb-91d4-91ea4ad92611,routing_mismatch,0.585,suspicious timing,blocked
13b6a18c-224b-4f4f-a89f-451cd6320954,volume_spike,0.6,suspicious timing,investigated
5f6c03f5-ecbb-4904-8504-6e0339d34dbc,routing_mismatch,0.584,pattern match,blocked
f5d1b296-8761-4c2c-9d9a-f1b3af0e68ca,routing_mismatch,0.848,pattern match,blocked
41e377f8-1e2d-4b1a-8b8d-ba22cc37b2c3,volume_spike,0.501,suspicious timing,investigated
41fa8b2a-cf59-4dc6-90bc-8c63dcbc5eef,duplicate_content,0.861,suspicious timing,blocked
c2813f15-ecad-4bd3-8c2c-8acf9bd118aa,routing_mismatch,0.62,pattern match,investigated
88e239a7-424d-406d-ad34-3a7435272f1c,duplicate_content,0.635,high score,flagged
188aa082-7d8c-4f17-9efe-a87ed3d70330,duplicate_content,0.674,pattern match,flagged
7efb82ce-f69d-4a55-8455-0d7c0c5e36ec,routing_mismatch,0.621,pattern match,investigated
2f2cb1e5-6842-4719-a1e7-e04904dbd6b3,routing_mismatch,0.554,high score,flagged
38973286-fce8-40a5-9de8-2c7eedda7eb4,routing_mismatch,0.667,suspicious timing,flagged
eab384e2-b4be-4252-add6-ff1b58538b86,volume_spike,0.87,pattern match,blocked
95187349-729e-4db2-9239-36c5b3632f88,duplicate_content,0.667,suspicious timing,investigated
8eb926d6-119d-42a0-b3ca-7d7f1975a602,volume_spike,0.805,pattern match,blocked
9907715d-8ffc-4287-bd54-4d8fc3e9e9a2,duplicate_content,1.081,high score,flagged
ccc4415a-a960-4c49-bb5d-182a3ecbc94b,duplicate_content,0.694,suspicious timing,investigated
4a173281-d61b-4c53-8ebf-ee85fc696400,routing_mismatch,0.76,high score,flagged
3080c495-bb39-4703-9a53-5dfb8eef990a,duplicate_content,0.792,pattern match,investigated
bcc4082e-c03b-49f0-96b3-976369dbf00b,duplicate_content,0.63,high score,blocked
98ec755c-df8b-4370-b2cc-c4aeacbb7b98,volume_spike,0.601,high score,investigated
1e335f1f-4929-46f2-ab4b-11f48817b6ff,routing_mismatch,0.668,pattern match,flagged
9197f6d1-dfb5-4397-a469-ce383c8d291c,duplicate_content,0.607,pattern match,blocked
245b56e7-5f06-414f-a717-67a98afd79c7,duplicate_content,0.691,suspicious timing,investigated
f64d977d-6cab-40d9-a2c4-86536ef451a0,routing_mismatch,0.903,suspicious timing,blocked
ebf19055-bfe1-44a2-ad5b-1efc100c4a30,duplicate_content,0.674,high score,flagged
2f944b21-39d8-4058-882f-5544ca1279d4,duplicate_content,0.722,pattern match,investigated
6c5c59e7-3b26-4e3a-9282-dbb08ae684d4,duplicate_content,0.645,high score,blocked
77589382-bac2-495c-9fdd-73f071d90f78,routing_mismatch,0.711,pattern match,investigated
e7e15359-4fa9-4411-94b3-5b27d44ceaf2,duplicate_content,0.991,suspicious timing,blocked
069d76a7-dfda-4f81-ac5e-7870e796913e,routing_mismatch,0.848,high score,investigated
025eee86-834a-4aa3-8d9d-f29391f69e9f,routing_mismatch,0.755,high score,flagged
0d52fd05-64cd-4037-9695-d1b67a197bb1,volume_spike,0.687,high score,blocked
1ef6fdc1-9a3e-409b-aa6f-c0f99b8c5eb1,routing_mismatch,0.813,high score,flagged
4abaf89c-6dcc-419f-b923-b75d0561ce0a,duplicate_content,0.84,high score,investigated
19d591ce-464e-4c16-8915-5dd1536bcfde,duplicate_content,0.894,pattern match,blocked
31cdc40e-c387-4567-86f1-f169d4aa5566,routing_mismatch,0.571,high score,flagged
47990d73-098f-4f8a-a937-a19a29582799,routing_mismatch,0.739,suspicious timing,flagged
2c968294-8078-4429-9fa3-949568735ee6,duplicate_content,0.744,suspicious timing,flagged
64d15b3c-397c-438c-a87d-2b34d97f34ff,routing_mismatch,0.902,pattern match,investigated
e6cf4002-5d08-41e1-acc5-8c2cba319b14,routing_mismatch,0.841,high score,flagged
2962ee3d-f0f9-469c-8d43-3ad49a7fce01,volume_spike,0.842,pattern match,blocked
235baaa6-335e-4e9c-b873-cf077d0f7fb0,duplicate_content,0.742,high score,blocked
8b7f36ba-45eb-4469-a012-0709c51ac8d2,volume_spike,0.584,suspicious timing,investigated
22467945-f01a-4fa0-b1df-16624c032748,routing_mismatch,0.716,suspicious timing,blocked
9ac20102-fcb1-4f23-a5bc-6660af9e04de,routing_mismatch,0.612,suspicious timing,blocked
cdfb919e-76eb-47f7-9ae4-6fd375769a86,routing_mismatch,0.895,pattern match,investigated
2f36d997-5ef3-4be0-a24f-4328b8ba7912,duplicate_content,0.583,high score,blocked
11fcdbe3-4016-47ad-86b4-41c27c93b640,routing_mismatch,0.602,high score,blocked
02d75ea4-723d-44c4-b098-88c484cbbb31,routing_mismatch,0.717,suspicious timing,flagged
cd49a69f-d51b-46e3-93fb-12662592ea7d,volume_spike,0.955,pattern match,blocked
826e972c-45f5-490a-9d02-40215b2d2b30,volume_spike,0.526,high score,flagged
2a04e482-3214-4e17-ae6a-c8c155ac0bc4,volume_spike,0.877,suspicious timing,flagged
8ec97de0-2196-44ab-8179-7f67253545d2,routing_mismatch,0.525,pattern match,investigated
c51991fe-9ed7-4e80-9956-47df6038c6bc,volume_spike,1.027,pattern match,blocked
0b3bc4d1-412c-49fc-9d4f-8970fc10ec27,duplicate_content,0.596,suspicious timing,investigated
a142e3e6-0672-420e-ad30-df681e384f1c,routing_mismatch,0.612,suspicious timing,flagged
39e253b8-ed16-4684-8c2c-08a950c7df9c,routing_mismatch,0.904,suspicious timing,blocked
e0d80ed2-52ec-47c0-a03c-6cb52e597325,duplicate_content,0.822,suspicious timing,flagged
b3f3c91c-53e2-48bb-b902-969213467a25,routing_mismatch,0.863,suspicious timing,investigated
60f3355b-0692-444e-97d7-c5be80ef3bae,duplicate_content,1.003,pattern match,flagged
4db43e71-5ffb-4c1b-9474-60e289d0b563,routing_mismatch,0.74,suspicious timing,investigated
f440b90f-6337-49e5-a779-e9645e7dd21c,routing_mismatch,0.824,high score,investigated
89c308a8-e59c-4be7-b13f-021e2d254f3c,volume_spike,0.524,high score,flagged
94b9c260-9190-483a-9d3b-c3f4511054b1,routing_mismatch,0.797,suspicious timing,investigated
8334843e-2b21-4aae-b892-0be1eab8966b,routing_mismatch,0.413,pattern match,investigated
462ccbd8-65dc-4974-a3a0-be097588be2d,volume_spike,0.791,high score,investigated
ea3d3d77-a505-4347-a495-f65e5b685914,volume_spike,0.3,high score,flagged
39b162bf-367e-4b8c-80ad-393515b74fcd,volume_spike,0.877,high score,blocked
3b14ca88-9bfb-4520-b2d5-02edda8ec1d1,duplicate_content,0.751,suspicious timing,investigated
d8a17777-5440-406e-8a75-c3faea91d6c3,duplicate_content,0.997,suspicious timing,investigated
9693e052-d4dd-461f-9363-e070e0fa8a80,duplicate_content,0.819,high score,flagged
ed976845-42e8-49c0-9fdc-576bad0a9273,routing_mismatch,0.69,pattern match,investigated
0c6d7f30-f746-43e7-b0af-1cf736b36cfc,volume_spike,0.877,high score,flagged
72c5cebf-6730-4080-a55d-12d7632112b1,routing_mismatch,0.783,high score,flagged
b5d800e5-004d-4b7d-9266-b5c84b2d632a,volume_spike,0.671,high score,flagged
1461f04c-2bf8-498b-9e28-6c47068985e8,routing_mismatch,0.944,suspicious timing,investigated
ae64fbd2-d0d7-4039-a110-275dbbc034e2,routing_mismatch,0.72,suspicious timing,investigated
124d1e74-d261-4f1a-a74b-977639ee72cc,duplicate_content,0.878,suspicious timing,investigated
da6a037b-197b-470d-adce-447b8b1cffc4,volume_spike,0.81,pattern match,flagged
88e8b22e-3e35-4866-8870-0e969e929e96,volume_spike,0.649,high score,blocked
61d48fad-7009-49c2-ab05-87f40794733f,routing_mismatch,0.839,high score,investigated
b4e98419-cbf2-4923-aa33-7857d2cdb55d,volume_spike,0.795,suspicious timing,blocked
cc44be91-cfa0-42cd-87e7-1ad68b2adaad,volume_spike,0.821,suspicious timing,blocked
6fe812d9-a6c0-4f85-a32d-f0ffad956b8b,duplicate_content,0.767,high score,investigated
ba64fcb5-6327-4d19-830c-5f9835a6df6f,volume_spike,0.764,pattern match,blocked
d1de9c13-f68e-4a2f-846d-907e63dc0b66,routing_mismatch,0.726,high score,blocked
5ff4ee1c-6af5-4d4a-85ca-a0517ecd5dc1,volume_spike,0.896,suspicious timing,investigated
cfc73aa7-53af-4c92-b718-d4b5fe344e7d,volume_spike,0.832,high score,blocked
ba1cddbc-7d7c-48ac-b37d-6024cce446f4,volume_spike,0.723,pattern match,flagged
378926b6-92ee-4149-b1fa-d7043d5ac73d,routing_mismatch,0.669,high score,flagged
0e602915-213e-41bf-b1fa-524db4dbaa2c,volume_spike,0.855,suspicious timing,flagged
3230332d-e853-402a-89ad-cdc511881fea,routing_mismatch,0.709,suspicious timing,investigated
8c7c711e-6878-4d0f-b080-08e2193a04e4,routing_mismatch,0.683,suspicious timing,blocked
be486edd-4abc-4ee7-b4c6-e62085b8fc57,duplicate_content,0.916,pattern match,blocked
ad8b20a9-6f96-4576-b942-32e2921aaae0,volume_spike,1.002,high score,investigated
d3d45165-e5f2-4890-90cb-f49c5995aaea,duplicate_content,0.622,pattern match,investigated
42cd7bd0-8232-4765-b43e-10a7589bf4f9,routing_mismatch,0.518,high score,investigated
eb654ea0-7524-4319-a2c3-b91706f45835,routing_mismatch,0.699,suspicious timing,investigated
3a595bcf-ac75-41f5-9603-328379879ee6,routing_mismatch,0.661,high score,flagged
38cddf87-c68d-4727-b46b-1c2c30cae866,volume_spike,0.736,suspicious timing,investigated
402924db-e782-433b-987f-f22c54beab19,volume_spike,0.931,high score,blocked
853b18e2-9fae-45a1-92c5-106117479b1f,duplicate_content,0.803,high score,flagged
df924ea6-faaf-43c0-aecf-04282a443260,volume_spike,0.825,high score,blocked
0d17d337-5ef3-4949-9e1d-9abb123250d3,routing_mismatch,0.895,high score,investigated
a56cef06-b2d8-4105-a369-7d7604ae36c0,duplicate_content,0.658,suspicious timing,flagged
1269d51d-d080-4125-85a2-213b5be4520c,duplicate_content,0.857,pattern match,flagged
e8882c12-ee9d-4aff-9a28-8cba6ca381ec,routing_mismatch,0.564,pattern match,flagged
278dcde2-9cd7-4bf2-bcc8-8b33479d2d28,duplicate_content,0.866,suspicious timing,flagged
e226795a-1ed1-42b9-9a17-700d4facb772,routing_mismatch,0.897,pattern match,blocked
ecef49af-b5b5-4faa-9a12-d641ac6f5da5,volume_spike,0.723,suspicious timing,investigated
e1e102a2-422c-45e8-a737-058d3a9c678c,duplicate_content,0.717,pattern match,flagged
aa99b264-f7f3-45e8-a684-0b186d4e6efb,volume_spike,0.837,pattern match,investigated
1f274768-5a70-489a-89dc-b234eb77f582,routing_mismatch,0.859,pattern match,blocked
ecc1706c-2f16-4372-a62e-0faec3879e71,duplicate_content,0.715,suspicious timing,blocked
1bbf8a80-b340-430d-a262-1e82a5fd17b4,volume_spike,0.827,high score,blocked
d231d00f-bf94-4adc-9920-50b08a8a19a8,volume_spike,0.966,high score,blocked
66382c5c-ccf0-4c8d-89c3-151ef959698e,duplicate_content,0.909,pattern match,flagged
cd789ac3-9ca5-40cb-9f06-db1f1561c339,routing_mismatch,0.51,high score,blocked
eceab1ff-090e-48c6-b302-08c526ffdbe3,duplicate_content,0.62,pattern match,investigated
4a7a022d-77f1-4f98-a575-0f976a4085aa,volume_spike,0.702,high score,investigated
1ac3b0b2-a01a-4e29-8ca0-3d5d3101488b,routing_mismatch,0.843,pattern match,investigated
5d9c1ede-7766-4a4c-8b5d-6dee505bf84f,volume_spike,0.484,pattern match,flagged
ea6817ed-0ace-4c83-b36b-2847c546a461,routing_mismatch,0.632,pattern match,investigated
0ae623ee-3fd0-4914-aa15-088f4ef62196,routing_mismatch,0.695,suspicious timing,blocked
82b58724-1aae-4151-bfb0-c0e98222efe9,routing_mismatch,0.799,pattern match,flagged
86b52461-3973-4f2d-8591-b3c4c33b0e58,duplicate_content,0.88,high score,flagged
e3a6b119-a4be-4a82-b099-34ab1415ae01,routing_mismatch,0.799,pattern match,blocked
e8e55704-0d21-4261-a653-02ec48520955,duplicate_content,0.527,high score,blocked
6a200024-110e-47d6-b474-ac2c8d6a601c,volume_spike,0.759,suspicious timing,blocked
a04a8e40-a5ba-4844-a579-c08426b51338,routing_mismatch,0.902,high score,flagged
4af2a3ed-491a-4224-81bd-7464dfc563d9,routing_mismatch,0.877,high score,flagged
f7f4a417-ae1a-413f-9b11-fabaaf8a4df8,duplicate_content,0.723,suspicious timing,blocked
2971a339-fd37-4866-8f9d-95cf6269aabe,duplicate_content,0.641,pattern match,blocked
8de248ae-bd5a-433c-851a-35484e47ac9d,duplicate_content,0.806,high score,investigated
25977e5e-42dd-40c9-abef-9549af5e28b8,routing_mismatch,0.681,high score,investigated
b94251fc-b09c-4d3e-bf45-7874c12a8082,routing_mismatch,0.731,suspicious timing,blocked
69792405-c72c-493d-b80c-fc2159cf9d8c,duplicate_content,0.769,pattern match,blocked
3c87a218-fea5-46a7-9ddf-780a0424ba0b,duplicate_content,0.902,high score,flagged
c28d9205-b583-4166-88fe-98adfeee7f3b,volume_spike,0.938,suspicious timing,flagged
a2b24f2e-725b-48ae-ba83-672a7ad6799a,volume_spike,0.998,high score,investigated
fe06a1c8-c8ef-4a26-900f-c1c984a737fd,routing_mismatch,0.629,suspicious timing,investigated
a8b8aab7-eff5-4bdd-9734-d7615a83b032,routing_mismatch,0.718,pattern match,blocked
6bc61c85-4d11-41e5-b29d-373b3a50b3a3,volume_spike,0.463,suspicious timing,flagged
e51e12bc-a009-4fa5-8b22-4273bdd5d7f8,volume_spike,0.684,high score,flagged
16e6c82b-811d-4346-a849-731b816449ed,routing_mismatch,0.649,pattern match,flagged
126861c1-885e-4ccc-941e-3f5fb1d9f025,volume_spike,0.669,pattern match,blocked
088d52d2-b102-4d56-8614-9bced91791a1,volume_spike,0.754,high score,flagged
c3287e8e-bc90-48ed-8582-cedc0752906a,duplicate_content,0.656,high score,investigated
99efccfb-c8fe-4e12-82ad-e81a744c55d4,duplicate_content,0.91,suspicious timing,blocked
96d961f3-dd9b-440d-912d-390d8188978a,duplicate_content,0.616,high score,flagged
bb18a3b5-8e6c-4476-8402-4f75ca3db17e,volume_spike,0.606,suspicious timing,flagged
684e5403-db26-49d9-937e-fe56112b4a33,volume_spike,0.841,pattern match,flagged
1cbb3900-db49-4d3d-ba65-7d09073b4cd6,routing_mismatch,0.873,high score,flagged
c6f390c3-fc95-4cc7-9810-a1e30a4d8bd8,duplicate_content,0.766,high score,flagged
ef635028-36b9-41f7-89e8-0ebb941fb9d3,duplicate_content,0.775,suspicious timing,blocked
c61a351c-307e-45d0-9104-d8ccf2e24cac,volume_spike,0.536,suspicious timing,investigated
1982607d-5486-4bc1-8530-410ce750717c,volume_spike,0.771,suspicious timing,flagged
43ab96fc-cf1d-4d0a-8347-3c54142ae6ec,volume_spike,0.508,high score,blocked
173a05f2-70f0-42a1-be8e-5d4355ae83a6,routing_mismatch,0.712,pattern match,investigated
96cfff94-1d29-4b4b-92bd-51e327b4d0de,duplicate_content,0.811,pattern match,investigated
a76d9f27-d930-4518-9bc1-5ce2d79f9a1a,routing_mismatch,0.787,suspicious timing,flagged
58433fc5-df22-438f-9cef-35383a423571,duplicate_content,0.966,high score,flagged
e1116eea-0cb3-4019-88be-ccf3e878bbee,volume_spike,0.78,high score,blocked
4c533387-1384-4f27-a397-b02223d04555,duplicate_content,0.85,suspicious timing,blocked
9c39e236-fb1f-4ce7-a569-8d4e9118ea2c,volume_spike,0.71,suspicious timing,blocked
c9c9427a-a084-42f0-b151-b1b8e7d700a9,duplicate_content,0.935,suspicious timing,investigated
b0c7a5da-7153-4bb2-8a69-92fc1e360fe1,duplicate_content,0.662,pattern match,flagged
a4731350-4571-4496-80dd-948fbde68782,routing_mismatch,0.84,pattern match,investigated
95602890-d7bd-40d0-bc3d-afa36277b441,volume_spike,0.686,suspicious timing,flagged
abca613c-5207-4f2d-8797-d9da732cdd34,routing_mismatch,0.676,pattern match,blocked
a35117ad-8c8d-4fbe-8f37-23e5870bb580,volume_spike,0.808,pattern match,flagged
6edb8b51-2a05-4c4c-b447-f0e0ddb17528,duplicate_content,0.809,pattern match,blocked
bf4aabca-aa79-4a2b-ab0a-a8d7d300fc51,routing_mismatch,0.533,suspicious timing,flagged
a6d8042d-46c8-475b-b630-b0c670d1fd11,volume_spike,0.893,suspicious timing,flagged
eb5c53b5-81d5-488d-8f49-a5b48e62d86d,duplicate_content,0.96,high score,blocked
fdfc1328-44f4-4821-92c4-2be59a040b67,duplicate_content,0.752,pattern match,flagged
a602b54e-d29f-4c72-927d-05517044dd6b,routing_mismatch,0.738,suspicious timing,flagged
0c990d33-9545-4430-9907-a3ba6a642e8e,duplicate_content,0.953,pattern match,investigated
319c9524-046d-4201-93bc-20d5c327621c,volume_spike,0.821,pattern match,investigated
496be55e-102b-4e7b-8aba-a22b72b7c8b6,routing_mismatch,0.808,high score,investigated
7a3e240e-34e1-453c-ad99-0d36e7642f9b,duplicate_content,0.955,suspicious timing,blocked
88a985b2-d0ae-4f76-afdf-d71dc997954d,duplicate_content,0.794,suspicious timing,investigated
4787b535-0321-491f-b185-4c923efd92ed,volume_spike,0.614,high score,blocked
f0b003d9-0fcb-4d64-a405-cad2c0ab6c19,volume_spike,0.655,high score,flagged
a0235b3c-1ad2-48c7-984b-0be7f467e70d,routing_mismatch,0.856,pattern match,flagged
0459c7e9-8780-42c1-9456-e59f0a74b221,volume_spike,0.615,suspicious timing,blocked
12a7eed4-c6e8-4e23-9c55-3ebfc6524ab1,routing_mismatch,0.753,pattern match,flagged
70b2b842-c4d5-44de-aae4-d8be0ad09c51,routing_mismatch,0.826,pattern match,flagged
0a59370a-b92b-4189-8754-991d3a268048,routing_mismatch,0.637,suspicious timing,investigated
5b95e0a3-6926-4092-b3da-228d2e66df79,duplicate_content,0.732,suspicious timing,investigated
82a1b0f0-4f17-4580-86fb-a44a139b26b5,duplicate_content,0.789,pattern match,flagged
afece13e-9dbb-48aa-bb4f-0fb78e16119b,volume_spike,0.767,pattern match,flagged
68771684-855b-4975-b97e-548afde9a8d9,routing_mismatch,0.93,suspicious timing,flagged
aabfc2bf-dbac-4acf-ada6-c50d6cac046b,duplicate_content,0.868,high score,flagged
be073570-b7eb-4bdb-b12b-c71ab0ff370a,routing_mismatch,0.821,pattern match,blocked
97b48b30-292f-42fa-9ea0-ee6ed53a2e22,routing_mismatch,0.81,high score,investigated
f8bfae0e-76dc-4c54-9dfb-6bd87c26df43,routing_mismatch,0.93,pattern match,flagged
7e6988d7-aa5f-4866-9ed5-62652a698e2b,duplicate_content,0.585,pattern match,investigated
5f582447-39cd-432a-9523-8123382c5bf3,duplicate_content,0.903,high score,blocked
7d72c3a4-9f99-4b15-b937-d6d8c9f1edc9,volume_spike,0.873,pattern match,investigated
1cc201b6-01ac-4af7-bc54-dcf365aad5c0,duplicate_content,0.703,pattern match,blocked
ce96b3d0-8422-46b4-9e27-2a5b40d06dba,duplicate_content,0.836,pattern match,blocked
18f9658a-7a40-47a5-b3c7-d431464102ac,volume_spike,0.86,high score,flagged
ca88ae40-a6d9-4f0f-b5a3-19f8bdfa7faf,duplicate_content,0.646,high score,blocked
4fe53a48-8617-40b8-b741-27ef8251c15a,volume_spike,0.556,pattern match,flagged
1ac4098f-903a-468b-a865-3b2bdb4dc14e,duplicate_content,0.839,pattern match,blocked
bfbde2ef-d7c9-4ca5-bbc8-ad53d853dcc2,duplicate_content,0.93,pattern match,blocked
2311fefa-8ee6-4bd1-bd5a-c47a943cf7ca,volume_spike,0.794,suspicious timing,investigated
f0826999-f63d-41aa-86bd-dc59482d22ab,volume_spike,0.896,pattern match,investigated
5e8835e6-fd30-4e01-b651-9e4d21b33837,routing_mismatch,0.532,suspicious timing,blocked
ee1ef97d-d81e-425b-8c96-712cc2186cdf,duplicate_content,0.738,high score,blocked
0e51c775-b68b-4540-b4a3-88dd50f25007,routing_mismatch,0.732,suspicious timing,blocked
a044327c-1ce2-47a9-9da1-f494c461d380,volume_spike,0.727,pattern match,flagged
87564e44-9f1c-44a7-95bf-035b81fcbc84,duplicate_content,0.959,high score,investigated
2e903c24-07c6-4809-b767-8444f13bb469,volume_spike,0.755,suspicious timing,investigated
6ab684d3-bd1d-426c-b15d-d960851b27f2,volume_spike,0.717,suspicious timing,investigated
d62f85df-5e09-4e59-9301-608b33c79ad3,duplicate_content,0.858,suspicious timing,flagged
cab36f8b-6032-4fc3-bd9a-318f42658fbd,duplicate_content,0.714,high score,flagged
a01794e8-f4c2-44e3-9d4f-39235e21c3b7,duplicate_content,0.649,suspicious timing,blocked
b8b33bb1-f09b-461f-b620-3269381b50b1,duplicate_content,0.467,suspicious timing,investigated
016f469a-1637-473e-aaa3-f40752fbc4df,routing_mismatch,0.754,pattern match,blocked
2f50040c-7ec8-4894-9c2f-d42fcae283cc,volume_spike,0.747,high score,blocked
54161c27-8ca5-486e-8277-263f8c753df1,routing_mismatch,0.993,high score,investigated
46a82179-bb52-414b-83ca-b9ec5354fb72,duplicate_content,0.573,pattern match,flagged
ca0a133a-1863-487a-8026-91743e55a9f8,volume_spike,0.759,high score,investigated
70ef4623-5ba6-4d61-afe1-edcf4ff0756c,duplicate_content,0.964,high score,flagged
453b068e-25da-4feb-a19d-62663126d9b3,routing_mismatch,0.748,high score,blocked
c85b6691-e606-4330-84bf-c6147478381d,routing_mismatch,0.875,suspicious timing,flagged
9e158cb4-e852-4d02-b15e-3acc38188bda,duplicate_content,0.482,pattern match,blocked
87781592-455d-4038-83fc-be967c931a14,volume_spike,0.663,pattern match,blocked
f10b10a9-4109-4be9-9c37-f77542c14e88,duplicate_content,0.86,pattern match,blocked
cb3385f5-5bbc-4ac3-9d08-09c24fad7b8d,volume_spike,0.859,suspicious timing,flagged
5ee20672-2311-4941-bf00-d4b0ad9e2909,routing_mismatch,0.606,pattern match,flagged
6a8c9d51-eb0e-4f36-8248-7b4ba4c184f7,duplicate_content,0.944,pattern match,blocked
eac31db1-2484-45bc-af19-0b1e2c813659,volume_spike,0.782,suspicious timing,investigated
fb2ae1bf-cceb-44bb-ab25-763388b1528d,duplicate_content,0.754,suspicious timing,blocked
345c2fda-a006-4651-b72d-7f43097def3d,volume_spike,0.955,high score,blocked
3b9d1332-9a40-408f-bb37-ba59bcab15f7,duplicate_content,0.834,high score,flagged
868cdc6c-2e35-4a05-bc16-dc941fb61d54,volume_spike,0.858,suspicious timing,flagged
b61fc57d-baec-4728-ac42-6deddfd46fcb,routing_mismatch,0.952,pattern match,investigated
6b90bbf2-c107-4c86-ba63-4edab8472500,routing_mismatch,0.939,high score,flagged
b814fa0a-805a-44ca-af6f-889aceffb33b,duplicate_content,0.58,pattern match,investigated
163ff95a-7175-418b-9c3d-e0a61781690f,duplicate_content,0.894,suspicious timing,investigated
878543d2-5938-4676-83e7-6e00113527e6,routing_mismatch,0.859,high score,flagged
efc2a891-f3f3-4189-85ec-d4b48ce000fe,volume_spike,0.855,high score,flagged
d155667e-666f-4a73-badc-e32905a65630,volume_spike,0.777,high score,blocked
c2055b2b-4f94-448e-aca5-c4451a289c7c,routing_mismatch,0.929,suspicious timing,flagged
87e2580f-a89d-4378-b107-4b93db30e770,volume_spike,0.73,suspicious timing,investigated
5e355645-6ae1-478d-82a3-a63281e25452,routing_mismatch,0.78,pattern match,blocked
4b416063-0f85-4a5d-8b48-7d235bf9717b,volume_spike,0.674,pattern match,blocked
e871b256-9bef-4cec-9e4e-1adf0fee0ccf,duplicate_content,0.416,high score,flagged
74972054-2ab2-452b-b9f3-857120350035,routing_mismatch,0.7,suspicious timing,investigated
12bfcd51-8a9b-432e-8b7e-28e6d434b823,duplicate_content,0.771,high score,investigated
9e5e67d6-0c75-4a06-a82f-3650ba9eed31,volume_spike,0.82,high score,investigated
68c5509b-8a2a-441a-89f7-a59a7726b41f,routing_mismatch,0.738,suspicious timing,flagged
122afbae-2536-48df-84db-7df617f3df59,routing_mismatch,0.814,pattern match,blocked
9644d126-11f4-4587-8d3a-52bbf9f5966e,duplicate_content,0.654,suspicious timing,blocked
21f3691e-73ba-489c-8251-9c34588f4bf4,routing_mismatch,0.887,pattern match,flagged
84bb11cf-fe0c-441e-b04d-ab78a8bc8554,duplicate_content,0.691,high score,blocked
5b59080a-b104-44c9-b272-effaa362f18e,routing_mismatch,0.651,high score,blocked
811993c6-a658-4fcc-8a0c-54588322f650,routing_mismatch,0.905,suspicious timing,investigated
73d56195-3d7f-484b-8478-eda28e254474,routing_mismatch,0.568,pattern match,investigated
92c396b5-3bce-4d97-84d7-66952e50a68b,duplicate_content,0.768,suspicious timing,flagged
8ffee94b-ed0c-4259-a3dc-0f849924a762,duplicate_content,0.765,high score,investigated
b84f19bd-44c7-482e-ac5b-bb884e3072d8,routing_mismatch,0.891,high score,flagged
22dbd1dd-92f6-42e1-92ec-98e52119fc52,volume_spike,0.762,high score,blocked
45df4571-1bd2-49a4-bf5a-e41ce9cbf3b4,duplicate_content,0.935,high score,blocked
2a52c457-0beb-40ca-86be-d1c835f40c07,volume_spike,0.821,high score,flagged
bdc2f082-f3d4-45fd-a167-a62fb4a510f0,volume_spike,0.738,pattern match,blocked
e7500dfc-0435-4be2-907c-1b9b9e8845e3,volume_spike,0.729,suspicious timing,blocked
bf8a168a-021b-47b2-99ec-1df24edc10a2,volume_spike,0.938,high score,flagged
ffcb1416-90c4-4027-a17f-9d567b0477f1,duplicate_content,0.797,pattern match,flagged
94330e58-f946-4016-86c4-97508c488899,volume_spike,0.419,high score,investigated
8dafa8b2-a1fe-4a5a-b98e-367c1c60abd2,routing_mismatch,0.696,suspicious timing,blocked
1dce65e0-e4ff-4533-a2de-7761b13e0ffb,routing_mismatch,0.638,suspicious timing,investigated
13da801f-cf0e-4213-a956-fa164d78aadc,routing_mismatch,0.709,pattern match,flagged
fc5e9f15-614b-43e5-9847-7214d9fc7f92,routing_mismatch,0.841,pattern match,blocked
7f4ec50a-74df-4a2f-a4a5-7c67edfdd578,volume_spike,0.697,high score,blocked
491a4624-b2b0-4e59-a513-d53a4332a61c,volume_spike,0.836,high score,blocked
c3f5b615-d5cd-4dc2-9a1c-2ae2dcbd20c9,routing_mismatch,0.8,high score,flagged
d9cfc582-ead8-4504-8388-9c1265bd2bbd,volume_spike,0.859,suspicious timing,flagged
7c08c5a7-be72-484a-963f-ae09dbbf3b40,volume_spike,0.575,suspicious timing,investigated
ec83f905-2af1-4406-aff7-79aed8277797,volume_spike,0.675,high score,flagged
86a7decb-0dac-4474-82aa-d9f37539596a,duplicate_content,0.88,suspicious timing,flagged
9a3d35ce-cde1-44ca-a9b0-64dd43b52f00,routing_mismatch,0.59,pattern match,investigated
c62a228c-0e0b-42ea-bd2d-8dce5ca7ca9c,routing_mismatch,0.486,pattern match,blocked
96c4e9fb-9f95-4c09-943b-0a0490b9bc49,routing_mismatch,0.803,pattern match,investigated
91e2473d-911d-4ad3-b1ce-c81cf1fd1d98,volume_spike,0.765,pattern match,blocked
d5ad02f0-f1d3-4066-a85e-926ef9b89c4f,volume_spike,0.765,pattern match,flagged
3ff1482d-65d0-4aad-a839-00b1f8a1328a,duplicate_content,0.738,suspicious timing,investigated
abdd0afe-e3dc-4158-bba6-3e8081c678e4,duplicate_content,0.934,pattern match,investigated
f97c0577-f6fb-43af-965d-7ee7233b80ec,duplicate_content,0.641,pattern match,investigated
ba4c7c0b-a0df-4831-9d28-8adea6eba75e,routing_mismatch,0.821,suspicious timing,investigated
b55c6cff-659b-44b8-b642-b9c945d10eed,routing_mismatch,0.8,suspicious timing,blocked
6e76dbbd-5073-4eb0-8247-661ec4e91256,volume_spike,0.908,pattern match,flagged
70f69d50-3b79-43e9-ab5b-bda3658ae750,volume_spike,0.741,high score,investigated
3cf888e2-f65f-4343-945f-a3761db62c03,duplicate_content,0.864,high score,blocked
dcaa7fb9-560f-4035-90b2-d16e786e6800,duplicate_content,0.745,pattern match,blocked
142786c2-06ff-48ad-956b-ffeaca171cd5,duplicate_content,0.736,high score,blocked
07ad4333-c6a9-4d66-9c33-ea0f461e06df,routing_mismatch,0.604,pattern match,blocked
0f3b6c9d-4467-4bbc-a564-c8200fa60b86,volume_spike,0.898,pattern match,blocked
f96bec13-47b4-401c-8676-e97ac9868217,duplicate_content,0.636,high score,blocked
6c6e7aeb-5047-44ba-b3f6-44751bc3dc86,volume_spike,0.56,suspicious timing,blocked
e4964a86-fb4c-441e-8898-f57a8250eb3d,volume_spike,0.699,high score,flagged
36e715a7-a863-40ba-a375-d455874bae88,volume_spike,0.88,pattern match,blocked
6d6c80f0-bbad-40ce-873d-2db63fc7645e,routing_mismatch,0.668,pattern match,blocked
d44a0868-8278-40e8-b212-1bbf43595bc5,duplicate_content,0.932,high score,flagged
d56c14bc-ad86-4918-8094-cc2dd9ef2ffb,volume_spike,0.824,suspicious timing,flagged
27aa48ad-7229-4c1a-818e-964444cf2018,routing_mismatch,0.753,high score,investigated
4be120f6-2d9d-43d1-aff4-7336f79857ae,volume_spike,0.983,pattern match,investigated
258b7c7c-5356-463f-aa9c-6ef3e3e46cd2,duplicate_content,0.709,suspicious timing,blocked
88bddd6e-66c8-42ae-8e41-cad80a6844eb,duplicate_content,0.99,pattern match,blocked
32a0ebfd-1f24-444a-b5c9-45517c8cab20,duplicate_content,0.641,pattern match,investigated
eec0d480-981b-4f55-b055-bacb5162efe8,volume_spike,0.833,suspicious timing,investigated
7c7ce08e-e462-46a4-bf9c-a3723d15f484,routing_mismatch,0.929,high score,flagged
a262a9d6-7492-49f1-baf0-f1cf66c0496d,routing_mismatch,0.909,high score,investigated
7fa8788f-6fd5-4631-9f1a-0e7d0bf6d69c,volume_spike,1.003,suspicious timing,blocked
89a465d1-6088-40c5-b663-bd271635124c,volume_spike,0.938,pattern match,blocked
6f64ffc1-5ce2-4bff-9195-20d17d96988b,volume_spike,0.641,suspicious timing,flagged
f5472040-f864-42cf-ab0e-135516f172d1,volume_spike,0.81,high score,flagged
8dc31757-27d4-489b-89ab-df95df409452,volume_spike,0.803,high score,blocked
e12bab66-f17e-42a2-873d-ff685d8b14cf,duplicate_content,0.737,high score,investigated
9072768c-0e20-4399-bf71-e23d0f495f9a,routing_mismatch,0.828,suspicious timing,blocked
d77f608e-20cd-4450-89f7-c12021c66136,duplicate_content,0.893,pattern match,investigated
e6c077de-d1c1-4b8e-a2fe-2825af2fde55,volume_spike,0.603,pattern match,blocked
8d4203b4-48ec-4ae3-a490-89618b365291,volume_spike,0.671,suspicious timing,blocked
de4a4a68-194a-41de-8e7c-738fe6569bad,duplicate_content,0.791,pattern match,investigated
5ae31c4d-3e27-4f80-b0fa-04a5bd875c79,volume_spike,0.814,pattern match,flagged
d575b1d0-fbe3-4b70-9683-62b651572df6,duplicate_content,1.04,suspicious timing,investigated
fdf671a4-0edc-40fa-abbc-20fd41d029f6,routing_mismatch,0.442,high score,investigated
c653c608-56ac-48a2-8022-0becb8f0fcd4,duplicate_content,0.809,high score,flagged
73d403d6-26d0-4c8e-bf80-d50566847ad9,duplicate_content,0.767,high score,investigated
d4487823-f759-4d96-b531-68dbad9ae004,volume_spike,0.687,high score,investigated
c56c122f-59cf-4068-bdc2-b4d9297a3276,routing_mismatch,0.917,high score,investigated
acf69228-3a11-4a39-9879-a4e961f4629c,routing_mismatch,0.798,high score,blocked
66ac7ac1-34e6-4092-9e0e-e6fab90b0920,volume_spike,0.853,pattern match,investigated
b207a5aa-af9c-4bcd-be1b-e4c6ea33ec4a,duplicate_content,0.64,high score,blocked
4ff53ad6-bf81-4a2b-8980-36084bdb9779,volume_spike,0.739,suspicious timing,investigated
ebf54049-f72a-4757-bc7f-d6467e6dfd3e,routing_mismatch,0.916,suspicious timing,blocked
9ca1235c-521e-4298-bed3-2721e07d6b4d,duplicate_content,0.8,pattern match,investigated
38e9c626-6f2c-44e5-8a99-354cf73439cf,volume_spike,0.655,high score,investigated
16e77cc4-37bf-4a0e-bd94-8037d98b4801,routing_mismatch,0.361,pattern match,blocked
925a5945-bdc9-432c-a2e6-27775944c394,duplicate_content,0.54,suspicious timing,flagged
2e5f07c0-9058-4015-8b19-3ea93724b277,duplicate_content,0.747,suspicious timing,blocked
3cb7b713-59b6-4b1b-ab99-7176d1c0eb19,volume_spike,0.519,pattern match,flagged
fdb16413-2843-4314-ac94-24ff8b4e1adc,routing_mismatch,0.8,pattern match,blocked
d783e3e7-c41c-4dc2-88b4-305dca92e8dc,duplicate_content,0.553,high score,investigated
ee6acfe8-afa0-471f-a020-9b29da3c9645,volume_spike,0.661,pattern match,investigated
0397e7a0-6dc3-4802-b846-5836d6927239,duplicate_content,0.806,high score,investigated
6d8e2a76-8bec-42d7-a068-fcafe656af6f,duplicate_content,0.715,pattern match,investigated
8ce52916-c3ac-4639-9e3f-afbf8f23421b,volume_spike,0.678,suspicious timing,investigated
eba96879-5f5d-48af-ac88-6d68e1993130,duplicate_content,0.885,suspicious timing,blocked
29c03bf4-3c7b-40f7-a7c3-ecc763242896,duplicate_content,0.815,high score,investigated
26d8b915-b175-4c61-acee-b814603cecec,duplicate_content,0.804,high score,flagged
969e5330-e329-49cb-89a5-9952e3271ce9,routing_mismatch,0.806,pattern match,blocked
cde56bc9-0fa2-4a78-82c8-d799cb1b74c9,duplicate_content,0.862,suspicious timing,investigated
fe792e3a-83b2-4ee7-9f0e-b536d202dee6,volume_spike,0.756,high score,flagged
d302a98e-ef8d-4c2e-84de-962a328cfd5c,duplicate_content,0.722,high score,investigated
1bb22955-42ef-4335-90e3-4ede0ca3ea18,duplicate_content,0.98,suspicious timing,investigated
ed7a0db7-e6da-41a5-a8ba-55f15193e542,volume_spike,0.606,pattern match,flagged
0e01e697-3f10-4fdf-8d20-8a7e09f98328,volume_spike,0.716,high score,investigated
b0992058-a2f3-4f86-8056-a1610197497a,volume_spike,0.96,pattern match,flagged
ebcdc9c7-f117-4d72-9d37-58bf0b8a86ca,duplicate_content,0.869,suspicious timing,flagged
862505b2-11dd-4cb5-9147-55110a4e2f72,duplicate_content,0.821,high score,flagged
9d01f0a8-d039-44e4-bc25-2e4c2f0ab88c,duplicate_content,0.768,suspicious timing,investigated
e8217932-b4c0-40e1-ae05-147fae665d94,duplicate_content,0.612,pattern match,flagged
1477ae91-2399-4fc5-8b01-51da1291a325,volume_spike,0.727,suspicious timing,investigated
acd5a809-0b81-4816-86f3-a2ea46da52b9,duplicate_content,0.562,pattern match,investigated
9caafab9-5cca-4d3a-b8f5-983920cc6f54,routing_mismatch,0.855,pattern match,investigated
c0cb72fb-ac3f-4ae9-be9b-7ad9d55a90d3,routing_mismatch,0.674,pattern match,flagged
dc9b5989-b4cb-48c6-a231-1349c01761cb,duplicate_content,0.886,suspicious timing,blocked
32c77fca-18b4-4ac6-b6c5-9183e0ededfd,volume_spike,0.626,suspicious timing,blocked
fcbfd55a-f1ef-4e8b-80e7-6663e70cc65b,volume_spike,0.875,suspicious timing,flagged
0fd2c45e-36b1-4c08-afec-574b81374b13,routing_mismatch,0.675,pattern match,investigated
693feedf-2f6b-41a0-b420-e52a2d0bc6ce,routing_mismatch,0.844,suspicious timing,flagged
8c21163a-07e4-4f32-81dd-0152e96fdf97,duplicate_content,0.631,pattern match,investigated
ab80b703-fe72-4732-8cb0-c94609418b65,duplicate_content,0.615,suspicious timing,flagged
08e9607a-6ae7-4b07-a862-fda5b2b8eabb,routing_mismatch,0.644,pattern match,blocked
e4bf11c5-961f-4dd1-85ff-cba63117ae4e,duplicate_content,0.882,pattern match,blocked
9717125f-5fcf-44d2-b10d-b112a93838a0,duplicate_content,0.556,high score,flagged
efe7ab33-a07f-424f-8214-08c4b79aded1,duplicate_content,0.799,pattern match,blocked
904fffc0-50de-4343-a8e0-8759d8d2c064,routing_mismatch,0.638,suspicious timing,investigated
850c8760-a14c-4e4e-b612-b24375f8fa45,volume_spike,0.741,pattern match,blocked
e1385736-52fe-4470-b088-934fdc9f65fd,duplicate_content,0.833,suspicious timing,investigated
1b49e9bd-eb73-40ed-b027-19e60d6dbd2f,volume_spike,0.854,suspicious timing,blocked
c3db1c9c-4c99-4228-a00f-51fae95736ac,volume_spike,0.901,pattern match,investigated
29b6d68a-641e-4387-8301-9e905048ec27,routing_mismatch,0.667,suspicious timing,flagged
d7e289a1-bfbb-4e56-a21f-3fb30fcee0d8,routing_mismatch,0.693,pattern match,blocked
730609dc-38a5-49ee-af6c-97828dcc7768,routing_mismatch,0.956,high score,blocked
31754795-d155-433a-b2b8-1619ac7fe8b0,routing_mismatch,0.794,pattern match,blocked
7125990b-9ec7-4bb0-ad9c-d615c95637f1,routing_mismatch,0.81,suspicious timing,flagged
013ac11c-fefe-4d17-8897-0675110ec408,routing_mismatch,0.581,pattern match,blocked
2b2dd409-5a91-436e-ba59-152eccf8a0f2,routing_mismatch,0.798,pattern match,investigated
b6a40c56-ff88-498e-9a54-5a2ea48ac75d,duplicate_content,0.669,suspicious timing,investigated
1bbd3888-14d4-4c01-87ae-dc5a2d91a1fe,routing_mismatch,0.996,pattern match,flagged
94a29690-3e6a-4e0f-b5b4-7669dbaba286,duplicate_content,0.79,pattern match,investigated
518ccbab-0d8a-412c-b8cc-1d0dd167ca5d,duplicate_content,0.914,high score,flagged
77da66f3-67b0-40d9-97ef-138bfb084c10,duplicate_content,0.414,pattern match,blocked
f7b3f69e-8c0c-4fc5-92d6-42d5904d97e8,volume_spike,0.844,high score,flagged
36175f78-8e4a-4047-b327-de9d7883e506,duplicate_content,0.854,suspicious timing,flagged
2680ffcc-c7c3-4b73-ad71-6b8210c86001,duplicate_content,0.937,suspicious timing,blocked
231b746c-5e90-4a85-abc5-7b68ff035c55,routing_mismatch,0.908,pattern match,investigated
bcbdeac9-c481-43f1-b3d8-0f056fb1d846,duplicate_content,0.716,suspicious timing,flagged
71b53f96-84bd-47b9-924a-ecf84464b2cd,routing_mismatch,1.074,pattern match,flagged
905013b0-1abd-4258-b005-1be17f14c6ab,duplicate_content,1.022,high score,blocked
bf968717-5ab1-4cf6-a6b4-4d1b33e07d3b,routing_mismatch,0.615,pattern match,investigated
92f140ca-611e-4c71-9a7b-835b09e1ea19,routing_mismatch,0.71,high score,flagged
6b38ff79-5235-4401-a5f5-1cf63c963df4,volume_spike,0.689,suspicious timing,blocked
3d314068-3621-406a-a975-6b9bcac35ae1,volume_spike,0.659,high score,blocked
31b06f90-c168-48dc-b2be-c7f5503e5a09,volume_spike,0.703,pattern match,blocked
2f70a4ff-418c-497d-8bd1-16a7c57ef01d,volume_spike,0.935,pattern match,blocked
c38c1697-8021-4f00-a46d-38d919e98c59,routing_mismatch,0.965,high score,blocked
fcb96773-8ef9-4f70-90ec-80b7c3401fc5,duplicate_content,0.982,high score,blocked
6a427ed6-4039-49bd-a5b0-cd80eeda50af,routing_mismatch,0.668,suspicious timing,flagged
ed9ed2d3-92bd-479a-8073-3ecf8fe91b93,volume_spike,0.776,suspicious timing,flagged
f8962184-f59c-4458-8ea2-9f0791b79f7d,duplicate_content,0.836,high score,blocked
83de01ee-cedb-4b89-ad13-a9c7b3977d3f,volume_spike,0.521,suspicious timing,blocked
946ae0a9-e167-415d-a7c7-f6e92cf442bc,duplicate_content,0.734,suspicious timing,investigated
9bfe08b9-a859-4a4d-bc6e-1e939a376e64,volume_spike,0.832,high score,blocked
073b1349-f9a1-49c7-8a8d-883f82d46cbe,routing_mismatch,0.654,high score,blocked
326abb94-e049-439c-8b85-7dd0661a8fd7,volume_spike,0.558,high score,flagged
dced83a6-8d3a-484e-ae2d-ed01c4aab6cc,volume_spike,0.638,suspicious timing,blocked
5a83d7b5-a8e6-45eb-ab54-485a8f43fadb,duplicate_content,0.658,pattern match,investigated
91b62be2-9731-40fc-ab9e-5373f4882242,routing_mismatch,0.654,pattern match,blocked
d6a46346-47be-4bee-8ddd-e1a3ef89ea01,duplicate_content,0.746,high score,investigated
19a744f6-68e5-4691-b49a-98f7ab7e3ff0,volume_spike,0.523,pattern match,blocked
c00564d5-aa89-4ba8-93d7-6448e49a9104,routing_mismatch,0.995,suspicious timing,investigated
0bff9340-7297-40d1-acf1-5c75a269bfd2,duplicate_content,0.87,suspicious timing,blocked
a6599894-b014-4f38-a59d-54b6918a0dbd,duplicate_content,0.871,pattern match,blocked
31758f3f-0616-419e-8262-18f41c65cc38,duplicate_content,0.638,suspicious timing,blocked
40a30f59-6ba4-44d3-9137-1590b38f9e3c,volume_spike,0.604,suspicious timing,flagged
3d8bdded-299d-4ea6-89eb-76e4e96bdabb,routing_mismatch,0.846,pattern match,flagged
045a1cf4-c4c1-4f90-a696-5fb8981a4f96,volume_spike,0.857,suspicious timing,blocked
18aeb391-88a1-4ede-a4d8-8071c6eb647b,volume_spike,0.828,high score,investigated
feee96c7-a299-43ad-80bb-6771ba5d28ca,duplicate_content,0.502,high score,investigated
ddd86eb7-015a-4b55-98c7-f3280b31f986,duplicate_content,0.889,high score,investigated
b1253731-b177-433b-9c1a-14dffb5d6d97,volume_spike,0.77,high score,blocked
f6db85ec-c80d-4c79-84cf-b60017e9d210,routing_mismatch,0.62,suspicious timing,investigated
4ca7d59f-fd98-4971-babb-801927a485cf,volume_spike,0.794,suspicious timing,flagged
c9d5a837-9e47-4e8d-b344-b8ab6e711c61,routing_mismatch,0.828,pattern match,blocked
c261673b-8333-4bd2-99ee-9c1eb97f8902,duplicate_content,0.857,suspicious timing,investigated
5b464d29-eb6c-4751-a5f1-f0a397da7dcb,routing_mismatch,0.836,suspicious timing,investigated
92a6a3db-de58-413b-839a-fc1e97cdc7ee,routing_mismatch,0.912,suspicious timing,blocked
36d7143b-5519-421a-ab32-f9e61090479e,duplicate_content,0.68,high score,investigated
499362a4-d926-48c1-a8ea-3c62ccb352af,volume_spike,0.682,suspicious timing,investigated
6980e53d-98c7-4c15-9df5-592e135ff9ae,duplicate_content,0.763,pattern match,blocked
f5dc6bf8-dfaf-41dd-b8b4-da2b4d64dfc9,duplicate_content,0.806,high score,investigated
9b2db58b-1bcc-41d4-a58d-86ed724d9cd1,volume_spike,0.754,pattern match,flagged
beaaf291-996e-4085-ab8f-2db13b99906d,duplicate_content,0.746,pattern match,flagged
dbe4253d-3f0f-4a2e-adb0-243b3a4929f0,duplicate_content,0.672,suspicious timing,investigated
6644ee16-4995-42cb-829d-e125d94ca6a1,volume_spike,0.823,pattern match,flagged
3579de56-7f37-4af4-83d4-e3663598ecd1,routing_mismatch,0.811,suspicious timing,flagged
6ad173a2-5afa-4a38-bda2-6bc2c414b860,volume_spike,0.856,suspicious timing,investigated
de324f49-05ff-4faf-be8b-4d5ed8f1f9a5,duplicate_content,0.552,suspicious timing,flagged
f03d67d0-dfd4-46dc-8202-358bbef6ac9f,routing_mismatch,0.827,high score,blocked
acbb1738-c773-4354-bacd-9e71cd300a9d,duplicate_content,0.789,pattern match,blocked
d4cabae0-e36b-4e74-aeb5-9fbb76fc1087,routing_mismatch,0.824,suspicious timing,investigated
065782d8-799f-4dad-a861-0c8f7fd84de8,duplicate_content,0.674,pattern match,investigated
8530ea39-51b8-485f-a73b-cb95b8832c8f,volume_spike,0.775,suspicious timing,blocked
c3b40a2a-2bf8-4d38-b55f-961f80e9067e,duplicate_content,1.049,suspicious timing,flagged
